file,molecule,position,mol_pred_loaded,sanitization,inchi_convertible,all_atoms_connected,no_radicals,bond_lengths,bond_angles,internal_steric_clash,aromatic_ring_flatness,non-aromatic_ring_non-flatness,double_bond_flatness
results/bindingmoad_molpilot_v50/bindingmoad_005_3lug_c5p_gen.sdf,0_0_0,0,True,True,True,True,True,False,False,False,True,True,True
results/bindingmoad_molpilot_v50/bindingmoad_005_3lug_c5p_gen.sdf,0_0_10,1,True,True,True,True,True,False,False,False,True,True,True
results/bindingmoad_molpilot_v50/bindingmoad_005_3lug_c5p_gen.sdf,0_0_11,2,True,True,True,True,True,False,False,True,True,True,True
results/bindingmoad_molpilot_v50/bindingmoad_005_3lug_c5p_gen.sdf,0_0_12,3,True,True,True,True,True,True,True,True,True,True,True
results/bindingmoad_molpilot_v50/bindingmoad_005_3lug_c5p_gen.sdf,0_0_13,4,True,True,True,True,True,True,True,True,True,True,True
results/bindingmoad_molpilot_v50/bindingmoad_005_3lug_c5p_gen.sdf,0_0_15,5,True,True,True,True,True,False,False,False,True,True,True
results/bindingmoad_molpilot_v50/bindingmoad_005_3lug_c5p_gen.sdf,0_0_2,6,True,True,True,True,True,False,True,True,True,True,True
results/bindingmoad_molpilot_v50/bindingmoad_005_3lug_c5p_gen.sdf,0_0_3,7,True,True,True,True,True,False,False,True,True,True,True
results/bindingmoad_molpilot_v50/bindingmoad_005_3lug_c5p_gen.sdf,0_0_4,8,True,True,True,True,True,True,True,True,True,True,True
results/bindingmoad_molpilot_v50/bindingmoad_005_3lug_c5p_gen.sdf,0_0_5,9,True,True,True,True,True,False,False,True,True,True,True
results/bindingmoad_molpilot_v50/bindingmoad_005_3lug_c5p_gen.sdf,0_0_6,10,True,True,True,True,True,False,False,False,True,True,True
results/bindingmoad_molpilot_v50/bindingmoad_005_3lug_c5p_gen.sdf,0_0_7,11,True,True,True,True,True,True,True,True,True,True,True
results/bindingmoad_molpilot_v50/bindingmoad_005_3lug_c5p_gen.sdf,0_0_8,12,True,True,True,True,True,False,True,True,True,True,True
results/bindingmoad_molpilot_v50/bindingmoad_011_6tx9_hyn_gen.sdf,0_0_0,0,True,True,True,True,True,True,True,True,True,True,True
results/bindingmoad_molpilot_v50/bindingmoad_011_6tx9_hyn_gen.sdf,0_0_1,1,True,True,True,True,True,True,True,True,True,True,True
results/bindingmoad_molpilot_v50/bindingmoad_011_6tx9_hyn_gen.sdf,0_0_10,2,True,True,True,True,True,True,True,True,True,True,True
results/bindingmoad_molpilot_v50/bindingmoad_011_6tx9_hyn_gen.sdf,0_0_11,3,True,True,True,True,True,True,True,True,True,True,True
results/bindingmoad_molpilot_v50/bindingmoad_011_6tx9_hyn_gen.sdf,0_0_12,4,True,True,True,True,True,True,True,True,True,True,True
results/bindingmoad_molpilot_v50/bindingmoad_011_6tx9_hyn_gen.sdf,0_0_13,5,True,True,True,True,True,True,True,True,True,True,True
results/bindingmoad_molpilot_v50/bindingmoad_011_6tx9_hyn_gen.sdf,0_0_14,6,True,True,True,True,True,True,True,True,True,False,True
results/bindingmoad_molpilot_v50/bindingmoad_011_6tx9_hyn_gen.sdf,0_0_15,7,True,True,True,True,True,True,True,True,True,True,True
results/bindingmoad_molpilot_v50/bindingmoad_011_6tx9_hyn_gen.sdf,0_0_2,8,True,True,True,True,True,True,True,True,True,True,True
results/bindingmoad_molpilot_v50/bindingmoad_011_6tx9_hyn_gen.sdf,0_0_3,9,True,True,True,True,True,True,True,True,True,True,True
results/bindingmoad_molpilot_v50/bindingmoad_011_6tx9_hyn_gen.sdf,0_0_4,10,True,True,True,True,True,True,True,True,True,True,True
results/bindingmoad_molpilot_v50/bindingmoad_011_6tx9_hyn_gen.sdf,0_0_5,11,True,True,True,True,True,True,True,True,True,True,True
results/bindingmoad_molpilot_v50/bindingmoad_011_6tx9_hyn_gen.sdf,0_0_6,12,True,True,True,True,True,True,True,True,True,True,True
results/bindingmoad_molpilot_v50/bindingmoad_011_6tx9_hyn_gen.sdf,0_0_7,13,True,True,True,True,True,True,True,True,True,True,True
results/bindingmoad_molpilot_v50/bindingmoad_011_6tx9_hyn_gen.sdf,0_0_8,14,True,True,True,True,True,True,True,True,True,True,True
results/bindingmoad_molpilot_v50/bindingmoad_011_6tx9_hyn_gen.sdf,0_0_9,15,True,True,True,True,True,True,True,True,True,True,True
results/bindingmoad_molpilot_v50/bindingmoad_010_4hgh_syn_gen.sdf,0_0_0,0,True,True,True,True,True,True,True,True,True,True,True
results/bindingmoad_molpilot_v50/bindingmoad_010_4hgh_syn_gen.sdf,0_0_1,1,True,True,True,True,True,True,True,True,True,True,True
results/bindingmoad_molpilot_v50/bindingmoad_010_4hgh_syn_gen.sdf,0_0_10,2,True,True,True,True,True,True,True,True,True,True,True
results/bindingmoad_molpilot_v50/bindingmoad_010_4hgh_syn_gen.sdf,0_0_11,3,True,True,True,True,True,True,True,True,True,True,True
results/bindingmoad_molpilot_v50/bindingmoad_010_4hgh_syn_gen.sdf,0_0_12,4,True,True,True,True,True,True,True,True,True,True,True
results/bindingmoad_molpilot_v50/bindingmoad_010_4hgh_syn_gen.sdf,0_0_13,5,True,True,True,True,True,True,True,True,True,True,True
results/bindingmoad_molpilot_v50/bindingmoad_010_4hgh_syn_gen.sdf,0_0_14,6,True,True,True,True,True,True,True,True,True,True,True
results/bindingmoad_molpilot_v50/bindingmoad_010_4hgh_syn_gen.sdf,0_0_15,7,True,True,True,True,True,True,True,True,True,True,True
results/bindingmoad_molpilot_v50/bindingmoad_010_4hgh_syn_gen.sdf,0_0_2,8,True,True,True,True,True,True,True,True,True,True,True
results/bindingmoad_molpilot_v50/bindingmoad_010_4hgh_syn_gen.sdf,0_0_3,9,True,True,True,True,True,False,True,True,True,True,True
results/bindingmoad_molpilot_v50/bindingmoad_010_4hgh_syn_gen.sdf,0_0_4,10,True,True,True,True,True,False,True,True,True,True,True
results/bindingmoad_molpilot_v50/bindingmoad_010_4hgh_syn_gen.sdf,0_0_5,11,True,True,True,True,True,True,True,True,True,True,True
results/bindingmoad_molpilot_v50/bindingmoad_010_4hgh_syn_gen.sdf,0_0_6,12,True,True,True,True,True,True,True,True,True,True,True
results/bindingmoad_molpilot_v50/bindingmoad_010_4hgh_syn_gen.sdf,0_0_7,13,True,True,True,True,True,True,True,True,True,True,True
results/bindingmoad_molpilot_v50/bindingmoad_010_4hgh_syn_gen.sdf,0_0_8,14,True,True,True,True,True,False,True,True,True,True,True
results/bindingmoad_molpilot_v50/bindingmoad_010_4hgh_syn_gen.sdf,0_0_9,15,True,True,True,True,True,True,True,True,True,True,True
results/bindingmoad_molpilot_v50/bindingmoad_018_7k4q_6nt_gen.sdf,0_0_0,0,True,True,True,True,True,True,True,True,True,True,True
results/bindingmoad_molpilot_v50/bindingmoad_018_7k4q_6nt_gen.sdf,0_0_12,1,True,True,True,True,True,True,True,True,True,True,True
results/bindingmoad_molpilot_v50/bindingmoad_018_7k4q_6nt_gen.sdf,0_0_13,2,True,True,True,True,True,True,True,True,True,True,True
results/bindingmoad_molpilot_v50/bindingmoad_018_7k4q_6nt_gen.sdf,0_0_14,3,True,True,True,True,True,True,True,True,True,True,True
results/bindingmoad_molpilot_v50/bindingmoad_018_7k4q_6nt_gen.sdf,0_0_15,4,True,True,True,True,True,True,True,True,True,True,True
results/bindingmoad_molpilot_v50/bindingmoad_018_7k4q_6nt_gen.sdf,0_0_2,5,True,True,True,True,True,True,True,True,True,True,True
results/bindingmoad_molpilot_v50/bindingmoad_018_7k4q_6nt_gen.sdf,0_0_3,6,True,True,True,True,True,True,True,True,True,True,True
results/bindingmoad_molpilot_v50/bindingmoad_018_7k4q_6nt_gen.sdf,0_0_4,7,True,True,True,True,True,False,True,True,True,True,True
results/bindingmoad_molpilot_v50/bindingmoad_018_7k4q_6nt_gen.sdf,0_0_5,8,True,True,True,True,True,False,True,True,True,True,True
results/bindingmoad_molpilot_v50/bindingmoad_018_7k4q_6nt_gen.sdf,0_0_6,9,True,True,True,True,True,True,True,True,True,True,True
results/bindingmoad_molpilot_v50/bindingmoad_018_7k4q_6nt_gen.sdf,0_0_8,10,True,True,True,True,True,True,True,True,True,True,True
results/bindingmoad_molpilot_v50/bindingmoad_018_7k4q_6nt_gen.sdf,0_0_9,11,True,True,True,True,True,True,True,True,True,True,True
results/bindingmoad_molpilot_v50/bindingmoad_023_2oq5_ben_gen.sdf,0_0_0,0,True,True,True,True,True,True,True,True,True,True,True
results/bindingmoad_molpilot_v50/bindingmoad_023_2oq5_ben_gen.sdf,0_0_1,1,True,True,True,True,True,True,True,True,True,True,True
results/bindingmoad_molpilot_v50/bindingmoad_023_2oq5_ben_gen.sdf,0_0_11,2,True,True,True,True,True,True,True,True,True,True,True
results/bindingmoad_molpilot_v50/bindingmoad_023_2oq5_ben_gen.sdf,0_0_12,3,True,True,True,True,True,True,True,True,True,True,True
results/bindingmoad_molpilot_v50/bindingmoad_023_2oq5_ben_gen.sdf,0_0_13,4,True,True,True,True,True,True,True,True,True,True,True
results/bindingmoad_molpilot_v50/bindingmoad_023_2oq5_ben_gen.sdf,0_0_14,5,True,True,True,True,True,True,True,True,True,True,True
results/bindingmoad_molpilot_v50/bindingmoad_023_2oq5_ben_gen.sdf,0_0_15,6,True,True,True,True,True,True,True,True,True,True,True
results/bindingmoad_molpilot_v50/bindingmoad_023_2oq5_ben_gen.sdf,0_0_2,7,True,True,True,True,True,True,True,True,True,True,True
results/bindingmoad_molpilot_v50/bindingmoad_023_2oq5_ben_gen.sdf,0_0_3,8,True,True,True,True,True,False,True,True,True,True,True
results/bindingmoad_molpilot_v50/bindingmoad_023_2oq5_ben_gen.sdf,0_0_4,9,True,True,True,True,True,True,True,True,True,True,True
results/bindingmoad_molpilot_v50/bindingmoad_023_2oq5_ben_gen.sdf,0_0_5,10,True,True,True,True,True,True,True,True,True,True,True
results/bindingmoad_molpilot_v50/bindingmoad_023_2oq5_ben_gen.sdf,0_0_6,11,True,True,True,True,True,False,True,True,True,True,True
results/bindingmoad_molpilot_v50/bindingmoad_023_2oq5_ben_gen.sdf,0_0_7,12,True,True,True,True,True,True,True,True,True,True,True
results/bindingmoad_molpilot_v50/bindingmoad_023_2oq5_ben_gen.sdf,0_0_8,13,True,True,True,True,True,True,True,True,True,True,True
results/bindingmoad_molpilot_v50/bindingmoad_023_2oq5_ben_gen.sdf,0_0_9,14,True,True,True,True,True,True,True,True,True,True,True
results/bindingmoad_molpilot_v50/bindingmoad_002_4d97_dsn_gen.sdf,0_0_0,0,True,True,True,True,True,True,True,True,True,True,True
results/bindingmoad_molpilot_v50/bindingmoad_002_4d97_dsn_gen.sdf,0_0_1,1,True,True,True,True,True,True,True,True,True,True,True
results/bindingmoad_molpilot_v50/bindingmoad_002_4d97_dsn_gen.sdf,0_0_10,2,True,True,True,True,True,True,True,True,True,True,True
results/bindingmoad_molpilot_v50/bindingmoad_002_4d97_dsn_gen.sdf,0_0_11,3,True,True,True,True,True,True,True,True,True,True,True
results/bindingmoad_molpilot_v50/bindingmoad_002_4d97_dsn_gen.sdf,0_0_12,4,True,True,True,True,True,True,True,True,True,True,True
results/bindingmoad_molpilot_v50/bindingmoad_002_4d97_dsn_gen.sdf,0_0_13,5,True,True,True,True,True,True,True,True,True,False,True
results/bindingmoad_molpilot_v50/bindingmoad_002_4d97_dsn_gen.sdf,0_0_14,6,True,True,True,True,True,True,True,True,True,True,True
results/bindingmoad_molpilot_v50/bindingmoad_002_4d97_dsn_gen.sdf,0_0_15,7,True,True,True,True,True,True,True,True,True,True,True
results/bindingmoad_molpilot_v50/bindingmoad_002_4d97_dsn_gen.sdf,0_0_2,8,True,True,True,True,True,True,True,True,True,True,True
results/bindingmoad_molpilot_v50/bindingmoad_002_4d97_dsn_gen.sdf,0_0_3,9,True,True,True,True,True,True,True,True,True,True,True
results/bindingmoad_molpilot_v50/bindingmoad_002_4d97_dsn_gen.sdf,0_0_4,10,True,True,True,True,True,True,True,True,True,True,True
results/bindingmoad_molpilot_v50/bindingmoad_002_4d97_dsn_gen.sdf,0_0_5,11,True,True,True,True,True,True,True,True,True,True,True
results/bindingmoad_molpilot_v50/bindingmoad_002_4d97_dsn_gen.sdf,0_0_6,12,True,True,True,True,True,True,True,True,True,True,True
results/bindingmoad_molpilot_v50/bindingmoad_002_4d97_dsn_gen.sdf,0_0_7,13,True,True,True,True,True,False,True,True,True,True,True
results/bindingmoad_molpilot_v50/bindingmoad_002_4d97_dsn_gen.sdf,0_0_8,14,True,True,True,True,True,True,True,True,True,True,True
results/bindingmoad_molpilot_v50/bindingmoad_002_4d97_dsn_gen.sdf,0_0_9,15,True,True,True,True,True,True,True,True,True,True,True
results/bindingmoad_molpilot_v50/bindingmoad_020_5x2z_3lm_gen.sdf,0_0_11,0,True,True,True,True,True,True,True,True,True,True,True
results/bindingmoad_molpilot_v50/bindingmoad_020_5x2z_3lm_gen.sdf,0_0_13,1,True,True,True,True,True,True,True,True,True,True,True
results/bindingmoad_molpilot_v50/bindingmoad_020_5x2z_3lm_gen.sdf,0_0_14,2,True,True,True,True,True,True,True,False,True,True,True
results/bindingmoad_molpilot_v50/bindingmoad_020_5x2z_3lm_gen.sdf,0_0_3,3,True,True,True,True,True,True,True,True,True,True,True
results/bindingmoad_molpilot_v50/bindingmoad_020_5x2z_3lm_gen.sdf,0_0_8,4,True,True,True,True,True,True,True,True,True,True,True
results/bindingmoad_molpilot_v50/bindingmoad_014_5wxu_flc_gen.sdf,0_0_0,0,True,True,True,True,True,True,True,True,True,True,True
results/bindingmoad_molpilot_v50/bindingmoad_014_5wxu_flc_gen.sdf,0_0_1,1,True,True,True,True,True,True,True,True,True,True,True
results/bindingmoad_molpilot_v50/bindingmoad_014_5wxu_flc_gen.sdf,0_0_10,2,True,True,True,True,True,True,True,True,True,True,True
results/bindingmoad_molpilot_v50/bindingmoad_014_5wxu_flc_gen.sdf,0_0_11,3,True,True,True,True,True,True,True,True,True,True,True
results/bindingmoad_molpilot_v50/bindingmoad_014_5wxu_flc_gen.sdf,0_0_12,4,True,True,True,True,True,True,True,True,True,True,True
results/bindingmoad_molpilot_v50/bindingmoad_014_5wxu_flc_gen.sdf,0_0_13,5,True,True,True,True,True,True,True,True,True,True,True
results/bindingmoad_molpilot_v50/bindingmoad_014_5wxu_flc_gen.sdf,0_0_14,6,True,True,True,True,True,True,True,True,True,True,True
results/bindingmoad_molpilot_v50/bindingmoad_014_5wxu_flc_gen.sdf,0_0_15,7,True,True,True,True,True,False,True,True,True,True,True
results/bindingmoad_molpilot_v50/bindingmoad_014_5wxu_flc_gen.sdf,0_0_2,8,True,True,True,True,True,True,True,True,True,True,True
results/bindingmoad_molpilot_v50/bindingmoad_014_5wxu_flc_gen.sdf,0_0_3,9,True,True,True,True,True,True,True,True,True,True,True
results/bindingmoad_molpilot_v50/bindingmoad_014_5wxu_flc_gen.sdf,0_0_4,10,True,True,True,True,True,True,True,True,True,True,True
results/bindingmoad_molpilot_v50/bindingmoad_014_5wxu_flc_gen.sdf,0_0_5,11,True,True,True,True,True,True,True,True,True,True,True
results/bindingmoad_molpilot_v50/bindingmoad_014_5wxu_flc_gen.sdf,0_0_7,12,True,True,True,True,True,True,True,True,True,True,True
results/bindingmoad_molpilot_v50/bindingmoad_014_5wxu_flc_gen.sdf,0_0_9,13,True,True,True,True,True,True,True,True,True,True,True
results/bindingmoad_molpilot_v50/bindingmoad_006_4ygf_azm_gen.sdf,0_0_11,0,True,True,True,True,True,True,True,True,True,True,True
results/bindingmoad_molpilot_v50/bindingmoad_006_4ygf_azm_gen.sdf,0_0_13,1,True,True,True,True,True,True,True,True,True,True,True
results/bindingmoad_molpilot_v50/bindingmoad_006_4ygf_azm_gen.sdf,0_0_14,2,True,True,True,True,True,True,True,True,True,True,True
results/bindingmoad_molpilot_v50/bindingmoad_006_4ygf_azm_gen.sdf,0_0_15,3,True,True,True,True,True,True,True,True,True,True,True
results/bindingmoad_molpilot_v50/bindingmoad_006_4ygf_azm_gen.sdf,0_0_2,4,True,True,True,True,True,True,True,True,True,True,True
results/bindingmoad_molpilot_v50/bindingmoad_006_4ygf_azm_gen.sdf,0_0_3,5,True,True,True,True,True,True,True,True,True,True,True
results/bindingmoad_molpilot_v50/bindingmoad_006_4ygf_azm_gen.sdf,0_0_4,6,True,True,True,True,True,True,True,True,True,True,True
results/bindingmoad_molpilot_v50/bindingmoad_006_4ygf_azm_gen.sdf,0_0_5,7,True,True,True,True,True,True,True,True,True,True,True
results/bindingmoad_molpilot_v50/bindingmoad_006_4ygf_azm_gen.sdf,0_0_6,8,True,True,True,True,True,True,True,True,True,True,True
results/bindingmoad_molpilot_v50/bindingmoad_006_4ygf_azm_gen.sdf,0_0_7,9,True,True,True,True,True,True,True,True,True,True,True
results/bindingmoad_molpilot_v50/bindingmoad_006_4ygf_azm_gen.sdf,0_0_8,10,True,True,True,True,True,True,True,True,True,True,True
results/bindingmoad_molpilot_v50/bindingmoad_006_4ygf_azm_gen.sdf,0_0_9,11,True,True,True,True,True,True,True,True,True,True,True
results/bindingmoad_molpilot_v50/bindingmoad_008_7a12_qvk_gen.sdf,0_0_1,0,True,True,True,True,True,True,True,True,True,True,True
results/bindingmoad_molpilot_v50/bindingmoad_008_7a12_qvk_gen.sdf,0_0_13,1,True,True,True,True,True,True,True,True,True,True,True
results/bindingmoad_molpilot_v50/bindingmoad_008_7a12_qvk_gen.sdf,0_0_14,2,True,True,True,True,True,True,True,True,True,True,True
results/bindingmoad_molpilot_v50/bindingmoad_008_7a12_qvk_gen.sdf,0_0_2,3,True,True,True,True,True,True,True,True,True,True,True
results/bindingmoad_molpilot_v50/bindingmoad_008_7a12_qvk_gen.sdf,0_0_3,4,True,True,True,True,True,True,True,True,True,True,True
results/bindingmoad_molpilot_v50/bindingmoad_008_7a12_qvk_gen.sdf,0_0_4,5,True,True,True,True,True,False,True,True,True,True,True
results/bindingmoad_molpilot_v50/bindingmoad_008_7a12_qvk_gen.sdf,0_0_5,6,True,True,True,True,True,True,True,True,True,True,True
results/bindingmoad_molpilot_v50/bindingmoad_008_7a12_qvk_gen.sdf,0_0_6,7,True,True,True,True,True,True,True,True,True,True,True
results/bindingmoad_molpilot_v50/bindingmoad_008_7a12_qvk_gen.sdf,0_0_7,8,True,True,True,True,True,True,True,True,True,True,True
results/bindingmoad_molpilot_v50/bindingmoad_008_7a12_qvk_gen.sdf,0_0_9,9,True,True,True,True,True,True,True,True,True,True,True
results/bindingmoad_molpilot_v50/bindingmoad_025_2p2a_mp9_gen.sdf,0_0_0,0,True,True,True,True,True,False,True,True,True,True,True
results/bindingmoad_molpilot_v50/bindingmoad_025_2p2a_mp9_gen.sdf,0_0_1,1,True,True,True,True,True,True,True,True,True,True,True
results/bindingmoad_molpilot_v50/bindingmoad_025_2p2a_mp9_gen.sdf,0_0_11,2,True,True,True,True,True,True,True,True,True,True,True
results/bindingmoad_molpilot_v50/bindingmoad_025_2p2a_mp9_gen.sdf,0_0_12,3,True,True,True,True,True,True,True,True,True,True,True
results/bindingmoad_molpilot_v50/bindingmoad_025_2p2a_mp9_gen.sdf,0_0_15,4,True,True,True,True,True,True,True,True,True,True,True
results/bindingmoad_molpilot_v50/bindingmoad_025_2p2a_mp9_gen.sdf,0_0_2,5,True,True,True,True,True,True,True,True,True,True,True
results/bindingmoad_molpilot_v50/bindingmoad_025_2p2a_mp9_gen.sdf,0_0_5,6,True,True,True,True,True,True,True,True,True,True,True
results/bindingmoad_molpilot_v50/bindingmoad_025_2p2a_mp9_gen.sdf,0_0_9,7,True,True,True,True,True,True,True,True,True,True,True
results/bindingmoad_molpilot_v50/bindingmoad_001_3elh_dud_gen.sdf,0_0_1,0,True,True,True,True,True,True,True,True,True,True,True
results/bindingmoad_molpilot_v50/bindingmoad_001_3elh_dud_gen.sdf,0_0_11,1,True,True,True,True,True,True,True,True,True,True,True
results/bindingmoad_molpilot_v50/bindingmoad_001_3elh_dud_gen.sdf,0_0_12,2,True,True,True,True,True,True,True,True,True,True,True
results/bindingmoad_molpilot_v50/bindingmoad_001_3elh_dud_gen.sdf,0_0_15,3,True,True,True,True,True,True,True,True,True,True,True
results/bindingmoad_molpilot_v50/bindingmoad_001_3elh_dud_gen.sdf,0_0_4,4,True,True,True,True,True,True,True,True,True,True,True
results/bindingmoad_molpilot_v50/bindingmoad_001_3elh_dud_gen.sdf,0_0_5,5,True,True,True,True,True,True,True,True,True,True,True
results/bindingmoad_molpilot_v50/bindingmoad_001_3elh_dud_gen.sdf,0_0_9,6,True,True,True,True,True,True,True,True,True,True,True
results/bindingmoad_molpilot_v50/bindingmoad_015_4r6e_3jd_gen.sdf,0_0_0,0,True,True,True,True,True,True,True,True,True,True,True
results/bindingmoad_molpilot_v50/bindingmoad_015_4r6e_3jd_gen.sdf,0_0_12,1,True,True,True,True,True,True,True,True,True,True,True
results/bindingmoad_molpilot_v50/bindingmoad_015_4r6e_3jd_gen.sdf,0_0_13,2,True,True,True,True,True,True,True,True,True,True,True
results/bindingmoad_molpilot_v50/bindingmoad_015_4r6e_3jd_gen.sdf,0_0_14,3,True,True,True,True,True,True,True,True,True,True,True
results/bindingmoad_molpilot_v50/bindingmoad_015_4r6e_3jd_gen.sdf,0_0_15,4,True,True,True,True,True,True,True,True,True,True,True
results/bindingmoad_molpilot_v50/bindingmoad_015_4r6e_3jd_gen.sdf,0_0_2,5,True,True,True,True,True,True,True,True,True,True,True
results/bindingmoad_molpilot_v50/bindingmoad_015_4r6e_3jd_gen.sdf,0_0_4,6,True,True,True,True,True,True,True,True,True,True,True
results/bindingmoad_molpilot_v50/bindingmoad_015_4r6e_3jd_gen.sdf,0_0_6,7,True,True,True,True,True,True,True,True,True,True,True
results/bindingmoad_molpilot_v50/bindingmoad_015_4r6e_3jd_gen.sdf,0_0_9,8,True,True,True,True,True,True,True,True,True,True,True
results/bindingmoad_molpilot_v50/bindingmoad_030_1lt6_gaa_gen.sdf,0_0_1,0,True,True,True,True,True,True,True,True,True,True,True
results/bindingmoad_molpilot_v50/bindingmoad_030_1lt6_gaa_gen.sdf,0_0_10,1,True,True,True,True,True,True,True,True,True,True,True
results/bindingmoad_molpilot_v50/bindingmoad_030_1lt6_gaa_gen.sdf,0_0_13,2,True,True,True,True,True,True,True,True,True,True,True
results/bindingmoad_molpilot_v50/bindingmoad_030_1lt6_gaa_gen.sdf,0_0_14,3,True,True,True,True,True,False,True,True,True,True,True
results/bindingmoad_molpilot_v50/bindingmoad_030_1lt6_gaa_gen.sdf,0_0_15,4,True,True,True,True,True,True,True,True,True,True,True
results/bindingmoad_molpilot_v50/bindingmoad_030_1lt6_gaa_gen.sdf,0_0_2,5,True,True,True,True,True,True,True,True,True,True,True
results/bindingmoad_molpilot_v50/bindingmoad_030_1lt6_gaa_gen.sdf,0_0_3,6,True,True,True,True,True,True,True,True,True,True,True
results/bindingmoad_molpilot_v50/bindingmoad_030_1lt6_gaa_gen.sdf,0_0_4,7,True,True,True,True,True,True,True,True,True,True,True
results/bindingmoad_molpilot_v50/bindingmoad_030_1lt6_gaa_gen.sdf,0_0_5,8,True,True,True,True,True,True,True,True,True,True,True
results/bindingmoad_molpilot_v50/bindingmoad_030_1lt6_gaa_gen.sdf,0_0_6,9,True,True,True,True,True,True,True,True,True,True,True
results/bindingmoad_molpilot_v50/bindingmoad_030_1lt6_gaa_gen.sdf,0_0_8,10,True,True,True,True,True,True,True,True,True,True,True
results/bindingmoad_molpilot_v50/bindingmoad_031_4j0s_1h3_gen.sdf,0_0_1,0,True,True,True,True,True,True,True,True,True,True,True
results/bindingmoad_molpilot_v50/bindingmoad_031_4j0s_1h3_gen.sdf,0_0_10,1,True,True,True,True,True,True,True,True,True,True,True
results/bindingmoad_molpilot_v50/bindingmoad_031_4j0s_1h3_gen.sdf,0_0_11,2,True,True,True,True,True,True,True,True,True,True,True
results/bindingmoad_molpilot_v50/bindingmoad_031_4j0s_1h3_gen.sdf,0_0_12,3,True,True,True,True,True,True,True,True,True,True,True
results/bindingmoad_molpilot_v50/bindingmoad_031_4j0s_1h3_gen.sdf,0_0_14,4,True,True,True,True,True,True,True,True,True,True,True
results/bindingmoad_molpilot_v50/bindingmoad_031_4j0s_1h3_gen.sdf,0_0_2,5,True,True,True,True,True,True,True,True,True,True,True
results/bindingmoad_molpilot_v50/bindingmoad_031_4j0s_1h3_gen.sdf,0_0_4,6,True,True,True,True,True,True,True,True,True,True,True
results/bindingmoad_molpilot_v50/bindingmoad_031_4j0s_1h3_gen.sdf,0_0_5,7,True,True,True,True,True,True,True,True,True,True,True
results/bindingmoad_molpilot_v50/bindingmoad_031_4j0s_1h3_gen.sdf,0_0_7,8,True,True,True,True,True,True,True,True,True,True,True
results/bindingmoad_molpilot_v50/bindingmoad_031_4j0s_1h3_gen.sdf,0_0_8,9,True,True,True,True,True,True,True,True,True,True,True
results/bindingmoad_molpilot_v50/bindingmoad_034_4w53_mbn_gen.sdf,0_0_0,0,True,True,True,True,True,True,True,True,True,True,True
results/bindingmoad_molpilot_v50/bindingmoad_034_4w53_mbn_gen.sdf,0_0_1,1,True,True,True,True,True,True,True,True,True,True,True
results/bindingmoad_molpilot_v50/bindingmoad_034_4w53_mbn_gen.sdf,0_0_10,2,True,True,True,True,True,True,True,True,True,True,True
results/bindingmoad_molpilot_v50/bindingmoad_034_4w53_mbn_gen.sdf,0_0_11,3,True,True,True,True,True,True,True,True,True,True,True
results/bindingmoad_molpilot_v50/bindingmoad_034_4w53_mbn_gen.sdf,0_0_12,4,True,True,True,True,True,True,True,True,True,True,True
results/bindingmoad_molpilot_v50/bindingmoad_034_4w53_mbn_gen.sdf,0_0_13,5,True,True,True,True,True,False,True,True,True,True,True
results/bindingmoad_molpilot_v50/bindingmoad_034_4w53_mbn_gen.sdf,0_0_14,6,True,True,True,True,True,False,True,True,True,True,True
results/bindingmoad_molpilot_v50/bindingmoad_034_4w53_mbn_gen.sdf,0_0_15,7,True,True,True,True,True,True,True,True,True,True,True
results/bindingmoad_molpilot_v50/bindingmoad_034_4w53_mbn_gen.sdf,0_0_2,8,True,True,True,True,True,True,True,True,True,True,True
results/bindingmoad_molpilot_v50/bindingmoad_034_4w53_mbn_gen.sdf,0_0_3,9,True,True,True,True,True,False,True,True,True,True,True
results/bindingmoad_molpilot_v50/bindingmoad_034_4w53_mbn_gen.sdf,0_0_4,10,True,True,True,True,True,True,True,True,True,True,True
results/bindingmoad_molpilot_v50/bindingmoad_034_4w53_mbn_gen.sdf,0_0_5,11,True,True,True,True,True,True,True,True,True,True,True
results/bindingmoad_molpilot_v50/bindingmoad_034_4w53_mbn_gen.sdf,0_0_6,12,True,True,True,True,True,False,True,True,True,True,True
results/bindingmoad_molpilot_v50/bindingmoad_034_4w53_mbn_gen.sdf,0_0_7,13,True,True,True,True,True,True,True,True,True,True,True
results/bindingmoad_molpilot_v50/bindingmoad_034_4w53_mbn_gen.sdf,0_0_8,14,True,True,True,True,True,True,True,True,True,True,True
results/bindingmoad_molpilot_v50/bindingmoad_034_4w53_mbn_gen.sdf,0_0_9,15,True,True,True,True,True,True,True,True,True,True,True
results/bindingmoad_molpilot_v50/bindingmoad_004_6dyt_f0g_gen.sdf,0_0_0,0,True,True,True,True,True,True,True,True,True,True,True
results/bindingmoad_molpilot_v50/bindingmoad_004_6dyt_f0g_gen.sdf,0_0_1,1,True,True,True,True,True,True,True,True,True,True,True
results/bindingmoad_molpilot_v50/bindingmoad_004_6dyt_f0g_gen.sdf,0_0_10,2,True,True,True,True,True,True,True,True,True,True,True
results/bindingmoad_molpilot_v50/bindingmoad_004_6dyt_f0g_gen.sdf,0_0_12,3,True,True,True,True,True,True,True,True,True,True,True
results/bindingmoad_molpilot_v50/bindingmoad_004_6dyt_f0g_gen.sdf,0_0_13,4,True,True,True,True,True,True,True,True,True,True,True
results/bindingmoad_molpilot_v50/bindingmoad_004_6dyt_f0g_gen.sdf,0_0_14,5,True,True,True,True,True,True,True,True,True,True,True
results/bindingmoad_molpilot_v50/bindingmoad_004_6dyt_f0g_gen.sdf,0_0_15,6,True,True,True,True,True,True,True,True,True,True,True
results/bindingmoad_molpilot_v50/bindingmoad_004_6dyt_f0g_gen.sdf,0_0_2,7,True,True,True,True,True,True,True,True,True,True,True
results/bindingmoad_molpilot_v50/bindingmoad_004_6dyt_f0g_gen.sdf,0_0_4,8,True,True,True,True,True,True,True,True,True,True,True
results/bindingmoad_molpilot_v50/bindingmoad_004_6dyt_f0g_gen.sdf,0_0_7,9,True,True,True,True,True,True,True,True,True,True,True
results/bindingmoad_molpilot_v50/bindingmoad_004_6dyt_f0g_gen.sdf,0_0_8,10,True,True,True,True,True,True,True,True,True,True,True
results/bindingmoad_molpilot_v50/bindingmoad_004_6dyt_f0g_gen.sdf,0_0_9,11,True,True,True,True,True,True,True,True,True,True,True
results/bindingmoad_molpilot_v50/bindingmoad_032_6rh4_4nz_gen.sdf,0_0_0,0,True,True,True,True,True,True,True,True,True,True,True
results/bindingmoad_molpilot_v50/bindingmoad_032_6rh4_4nz_gen.sdf,0_0_1,1,True,True,True,True,True,True,True,True,True,True,True
results/bindingmoad_molpilot_v50/bindingmoad_032_6rh4_4nz_gen.sdf,0_0_10,2,True,True,True,True,True,True,True,True,True,True,True
results/bindingmoad_molpilot_v50/bindingmoad_032_6rh4_4nz_gen.sdf,0_0_12,3,True,True,True,True,True,False,True,True,True,True,True
results/bindingmoad_molpilot_v50/bindingmoad_032_6rh4_4nz_gen.sdf,0_0_13,4,True,True,True,True,True,True,True,True,True,True,True
results/bindingmoad_molpilot_v50/bindingmoad_032_6rh4_4nz_gen.sdf,0_0_14,5,True,True,True,True,True,True,True,True,True,True,True
results/bindingmoad_molpilot_v50/bindingmoad_032_6rh4_4nz_gen.sdf,0_0_15,6,True,True,True,True,True,True,True,True,True,True,True
results/bindingmoad_molpilot_v50/bindingmoad_032_6rh4_4nz_gen.sdf,0_0_3,7,True,True,True,True,True,True,True,True,True,True,True
results/bindingmoad_molpilot_v50/bindingmoad_032_6rh4_4nz_gen.sdf,0_0_4,8,True,True,True,True,True,True,True,True,True,True,True
results/bindingmoad_molpilot_v50/bindingmoad_032_6rh4_4nz_gen.sdf,0_0_6,9,True,True,True,True,True,True,True,True,True,True,True
results/bindingmoad_molpilot_v50/bindingmoad_032_6rh4_4nz_gen.sdf,0_0_7,10,True,True,True,True,True,True,True,True,True,True,True
results/bindingmoad_molpilot_v50/bindingmoad_032_6rh4_4nz_gen.sdf,0_0_8,11,True,True,True,True,True,True,True,True,True,True,True
results/bindingmoad_molpilot_v50/bindingmoad_032_6rh4_4nz_gen.sdf,0_0_9,12,True,True,True,True,True,True,True,True,True,True,True
results/bindingmoad_molpilot_v50/bindingmoad_037_6a0d_9rw_gen.sdf,0_0_0,0,True,True,True,True,True,True,True,True,True,True,True
results/bindingmoad_molpilot_v50/bindingmoad_037_6a0d_9rw_gen.sdf,0_0_1,1,True,True,True,True,True,True,True,True,True,True,True
results/bindingmoad_molpilot_v50/bindingmoad_037_6a0d_9rw_gen.sdf,0_0_10,2,True,True,True,True,True,True,True,True,True,True,True
results/bindingmoad_molpilot_v50/bindingmoad_037_6a0d_9rw_gen.sdf,0_0_12,3,True,True,True,True,True,True,True,True,True,True,True
results/bindingmoad_molpilot_v50/bindingmoad_037_6a0d_9rw_gen.sdf,0_0_13,4,True,True,True,True,True,True,True,True,True,True,True
results/bindingmoad_molpilot_v50/bindingmoad_037_6a0d_9rw_gen.sdf,0_0_15,5,True,True,True,True,True,True,True,True,True,True,True
results/bindingmoad_molpilot_v50/bindingmoad_037_6a0d_9rw_gen.sdf,0_0_3,6,True,True,True,True,True,True,True,True,True,True,True
results/bindingmoad_molpilot_v50/bindingmoad_037_6a0d_9rw_gen.sdf,0_0_4,7,True,True,True,True,True,True,True,True,True,True,True
results/bindingmoad_molpilot_v50/bindingmoad_037_6a0d_9rw_gen.sdf,0_0_5,8,True,True,True,True,True,True,True,True,True,True,True
results/bindingmoad_molpilot_v50/bindingmoad_037_6a0d_9rw_gen.sdf,0_0_6,9,True,True,True,True,True,True,True,True,True,True,True
results/bindingmoad_molpilot_v50/bindingmoad_037_6a0d_9rw_gen.sdf,0_0_7,10,True,True,True,True,True,True,True,True,True,True,True
results/bindingmoad_molpilot_v50/bindingmoad_033_7cqu_p3s_gen.sdf,0_0_0,0,True,True,True,True,True,True,True,True,True,True,True
results/bindingmoad_molpilot_v50/bindingmoad_033_7cqu_p3s_gen.sdf,0_0_10,1,True,True,True,True,True,True,True,True,True,True,True
results/bindingmoad_molpilot_v50/bindingmoad_033_7cqu_p3s_gen.sdf,0_0_11,2,True,True,True,True,True,True,True,True,True,True,True
results/bindingmoad_molpilot_v50/bindingmoad_033_7cqu_p3s_gen.sdf,0_0_12,3,True,True,True,True,True,True,True,True,True,True,True
results/bindingmoad_molpilot_v50/bindingmoad_033_7cqu_p3s_gen.sdf,0_0_13,4,True,True,True,True,True,True,True,True,True,True,True
results/bindingmoad_molpilot_v50/bindingmoad_033_7cqu_p3s_gen.sdf,0_0_14,5,True,True,True,True,True,False,True,True,True,True,True
results/bindingmoad_molpilot_v50/bindingmoad_033_7cqu_p3s_gen.sdf,0_0_2,6,True,True,True,True,True,True,True,True,True,True,True
results/bindingmoad_molpilot_v50/bindingmoad_033_7cqu_p3s_gen.sdf,0_0_3,7,True,True,True,True,True,True,True,True,True,True,True
results/bindingmoad_molpilot_v50/bindingmoad_033_7cqu_p3s_gen.sdf,0_0_4,8,True,True,True,True,True,True,True,True,True,True,True
results/bindingmoad_molpilot_v50/bindingmoad_033_7cqu_p3s_gen.sdf,0_0_5,9,True,True,True,True,True,False,True,True,True,True,True
results/bindingmoad_molpilot_v50/bindingmoad_033_7cqu_p3s_gen.sdf,0_0_7,10,True,True,True,True,True,True,True,True,True,True,True
results/bindingmoad_molpilot_v50/bindingmoad_033_7cqu_p3s_gen.sdf,0_0_8,11,True,True,True,True,True,True,True,True,True,True,True
results/bindingmoad_molpilot_v50/bindingmoad_003_2q5o_tpw_gen.sdf,0_0_11,0,True,True,True,True,True,True,True,True,True,True,True
results/bindingmoad_molpilot_v50/bindingmoad_003_2q5o_tpw_gen.sdf,0_0_12,1,True,True,True,True,True,True,True,True,True,True,True
results/bindingmoad_molpilot_v50/bindingmoad_003_2q5o_tpw_gen.sdf,0_0_13,2,True,True,True,True,True,True,True,True,True,True,True
results/bindingmoad_molpilot_v50/bindingmoad_003_2q5o_tpw_gen.sdf,0_0_14,3,True,True,True,True,True,True,True,True,True,True,True
results/bindingmoad_molpilot_v50/bindingmoad_003_2q5o_tpw_gen.sdf,0_0_2,4,True,True,True,True,True,False,True,True,True,True,True
results/bindingmoad_molpilot_v50/bindingmoad_003_2q5o_tpw_gen.sdf,0_0_3,5,True,True,True,True,True,True,True,True,True,True,True
results/bindingmoad_molpilot_v50/bindingmoad_003_2q5o_tpw_gen.sdf,0_0_4,6,True,True,True,True,True,True,True,True,True,True,True
results/bindingmoad_molpilot_v50/bindingmoad_003_2q5o_tpw_gen.sdf,0_0_6,7,True,True,True,True,True,True,True,True,True,True,True
results/bindingmoad_molpilot_v50/bindingmoad_003_2q5o_tpw_gen.sdf,0_0_7,8,True,True,True,True,True,True,True,True,True,True,True
results/bindingmoad_molpilot_v50/bindingmoad_003_2q5o_tpw_gen.sdf,0_0_8,9,True,True,True,True,True,True,True,True,True,True,True
results/bindingmoad_molpilot_v50/bindingmoad_024_1w22_nhb_gen.sdf,0_0_1,0,True,True,True,True,True,True,True,True,True,True,True
results/bindingmoad_molpilot_v50/bindingmoad_024_1w22_nhb_gen.sdf,0_0_10,1,True,True,True,True,True,True,True,True,True,True,True
results/bindingmoad_molpilot_v50/bindingmoad_024_1w22_nhb_gen.sdf,0_0_12,2,True,True,True,True,True,True,True,True,True,True,True
results/bindingmoad_molpilot_v50/bindingmoad_024_1w22_nhb_gen.sdf,0_0_14,3,True,True,True,True,True,True,True,True,True,True,True
results/bindingmoad_molpilot_v50/bindingmoad_024_1w22_nhb_gen.sdf,0_0_2,4,True,True,True,True,True,True,True,True,True,True,True
results/bindingmoad_molpilot_v50/bindingmoad_024_1w22_nhb_gen.sdf,0_0_3,5,True,True,True,True,True,True,True,True,True,True,True
results/bindingmoad_molpilot_v50/bindingmoad_024_1w22_nhb_gen.sdf,0_0_4,6,True,True,True,True,True,True,True,True,True,True,True
results/bindingmoad_molpilot_v50/bindingmoad_024_1w22_nhb_gen.sdf,0_0_5,7,True,True,True,True,True,True,True,True,True,True,True
results/bindingmoad_molpilot_v50/bindingmoad_024_1w22_nhb_gen.sdf,0_0_8,8,True,True,True,True,True,True,True,True,True,True,True
results/bindingmoad_molpilot_v50/bindingmoad_024_1w22_nhb_gen.sdf,0_0_9,9,True,True,True,True,True,True,True,True,True,True,True
results/bindingmoad_molpilot_v50/bindingmoad_038_4i6q_phu_gen.sdf,0_0_0,0,True,True,True,True,True,True,True,True,True,True,True
results/bindingmoad_molpilot_v50/bindingmoad_038_4i6q_phu_gen.sdf,0_0_1,1,True,True,True,True,True,False,True,True,True,True,True
results/bindingmoad_molpilot_v50/bindingmoad_038_4i6q_phu_gen.sdf,0_0_10,2,True,True,True,True,True,True,True,True,True,True,True
results/bindingmoad_molpilot_v50/bindingmoad_038_4i6q_phu_gen.sdf,0_0_11,3,True,True,True,True,True,True,True,True,True,True,True
results/bindingmoad_molpilot_v50/bindingmoad_038_4i6q_phu_gen.sdf,0_0_14,4,True,True,True,True,True,True,True,True,True,True,True
results/bindingmoad_molpilot_v50/bindingmoad_038_4i6q_phu_gen.sdf,0_0_15,5,True,True,True,True,True,True,True,True,True,True,True
results/bindingmoad_molpilot_v50/bindingmoad_038_4i6q_phu_gen.sdf,0_0_3,6,True,True,True,True,True,True,True,True,True,True,True
results/bindingmoad_molpilot_v50/bindingmoad_038_4i6q_phu_gen.sdf,0_0_4,7,True,True,True,True,True,True,True,True,True,True,True
results/bindingmoad_molpilot_v50/bindingmoad_038_4i6q_phu_gen.sdf,0_0_5,8,True,True,True,True,True,True,True,True,True,True,True
results/bindingmoad_molpilot_v50/bindingmoad_038_4i6q_phu_gen.sdf,0_0_7,9,True,True,True,True,True,True,True,True,True,True,True
results/bindingmoad_molpilot_v50/bindingmoad_038_4i6q_phu_gen.sdf,0_0_8,10,True,True,True,True,True,True,True,True,True,False,True
results/bindingmoad_molpilot_v50/bindingmoad_038_4i6q_phu_gen.sdf,0_0_9,11,True,True,True,True,True,True,True,True,True,True,True
results/bindingmoad_molpilot_v50/bindingmoad_022_1i9n_ioa_gen.sdf,0_0_0,0,True,True,True,True,True,True,True,True,True,True,True
results/bindingmoad_molpilot_v50/bindingmoad_022_1i9n_ioa_gen.sdf,0_0_10,1,True,True,True,True,True,True,True,True,True,True,True
results/bindingmoad_molpilot_v50/bindingmoad_022_1i9n_ioa_gen.sdf,0_0_11,2,True,True,True,True,True,True,True,True,True,True,True
results/bindingmoad_molpilot_v50/bindingmoad_022_1i9n_ioa_gen.sdf,0_0_12,3,True,True,True,True,True,True,True,True,True,True,True
results/bindingmoad_molpilot_v50/bindingmoad_022_1i9n_ioa_gen.sdf,0_0_13,4,True,True,True,True,True,True,True,True,True,True,True
results/bindingmoad_molpilot_v50/bindingmoad_022_1i9n_ioa_gen.sdf,0_0_15,5,True,True,True,True,True,True,True,True,True,True,True
results/bindingmoad_molpilot_v50/bindingmoad_022_1i9n_ioa_gen.sdf,0_0_2,6,True,True,True,True,True,False,True,True,True,True,True
results/bindingmoad_molpilot_v50/bindingmoad_022_1i9n_ioa_gen.sdf,0_0_4,7,True,True,True,True,True,True,True,True,True,True,True
results/bindingmoad_molpilot_v50/bindingmoad_022_1i9n_ioa_gen.sdf,0_0_5,8,True,True,True,True,True,True,True,True,True,True,True
results/bindingmoad_molpilot_v50/bindingmoad_022_1i9n_ioa_gen.sdf,0_0_6,9,True,True,True,True,True,True,True,True,True,True,True
results/bindingmoad_molpilot_v50/bindingmoad_022_1i9n_ioa_gen.sdf,0_0_7,10,True,True,True,True,True,True,True,True,True,True,True
results/bindingmoad_molpilot_v50/bindingmoad_022_1i9n_ioa_gen.sdf,0_0_8,11,True,True,True,True,True,True,True,True,True,True,False
results/bindingmoad_molpilot_v50/bindingmoad_022_1i9n_ioa_gen.sdf,0_0_9,12,True,True,True,True,True,True,True,True,True,True,True
results/bindingmoad_molpilot_v50/bindingmoad_019_5tmu_7fl_gen.sdf,0_0_0,0,True,True,True,True,True,True,True,True,True,True,True
results/bindingmoad_molpilot_v50/bindingmoad_019_5tmu_7fl_gen.sdf,0_0_1,1,True,True,True,True,True,True,True,True,True,True,True
results/bindingmoad_molpilot_v50/bindingmoad_019_5tmu_7fl_gen.sdf,0_0_10,2,True,True,True,True,True,True,True,True,True,True,True
results/bindingmoad_molpilot_v50/bindingmoad_019_5tmu_7fl_gen.sdf,0_0_11,3,True,True,True,True,True,True,True,True,True,True,True
results/bindingmoad_molpilot_v50/bindingmoad_019_5tmu_7fl_gen.sdf,0_0_12,4,True,True,True,True,True,True,True,True,True,True,True
results/bindingmoad_molpilot_v50/bindingmoad_019_5tmu_7fl_gen.sdf,0_0_13,5,True,True,True,True,True,False,True,True,True,True,True
results/bindingmoad_molpilot_v50/bindingmoad_019_5tmu_7fl_gen.sdf,0_0_14,6,True,True,True,True,True,True,True,True,True,True,True
results/bindingmoad_molpilot_v50/bindingmoad_019_5tmu_7fl_gen.sdf,0_0_15,7,True,True,True,True,True,True,True,True,True,True,True
results/bindingmoad_molpilot_v50/bindingmoad_019_5tmu_7fl_gen.sdf,0_0_2,8,True,True,True,True,True,True,True,True,True,True,True
results/bindingmoad_molpilot_v50/bindingmoad_019_5tmu_7fl_gen.sdf,0_0_3,9,True,True,True,True,True,True,True,True,True,True,True
results/bindingmoad_molpilot_v50/bindingmoad_019_5tmu_7fl_gen.sdf,0_0_5,10,True,True,True,False,True,False,True,True,True,True,True
results/bindingmoad_molpilot_v50/bindingmoad_019_5tmu_7fl_gen.sdf,0_0_6,11,True,True,True,True,True,True,True,True,True,True,True
results/bindingmoad_molpilot_v50/bindingmoad_019_5tmu_7fl_gen.sdf,0_0_8,12,True,True,True,True,True,True,True,True,True,True,True
results/bindingmoad_molpilot_v50/bindingmoad_019_5tmu_7fl_gen.sdf,0_0_9,13,True,True,True,True,True,True,True,True,True,True,True
results/bindingmoad_molpilot_v50/bindingmoad_026_7gsp_sgp_gen.sdf,0_0_0,0,True,True,True,True,True,True,True,True,True,True,True
results/bindingmoad_molpilot_v50/bindingmoad_026_7gsp_sgp_gen.sdf,0_0_10,1,True,True,True,True,True,True,True,True,True,True,True
results/bindingmoad_molpilot_v50/bindingmoad_026_7gsp_sgp_gen.sdf,0_0_11,2,True,True,True,True,True,True,True,True,True,True,True
results/bindingmoad_molpilot_v50/bindingmoad_026_7gsp_sgp_gen.sdf,0_0_12,3,True,True,True,True,True,True,True,True,True,True,True
results/bindingmoad_molpilot_v50/bindingmoad_026_7gsp_sgp_gen.sdf,0_0_13,4,True,True,True,True,True,True,True,True,True,True,True
results/bindingmoad_molpilot_v50/bindingmoad_026_7gsp_sgp_gen.sdf,0_0_14,5,True,True,True,True,True,True,True,True,True,True,True
results/bindingmoad_molpilot_v50/bindingmoad_026_7gsp_sgp_gen.sdf,0_0_2,6,True,True,True,True,True,True,True,True,True,True,True
results/bindingmoad_molpilot_v50/bindingmoad_026_7gsp_sgp_gen.sdf,0_0_3,7,True,True,True,True,True,True,True,True,True,True,True
results/bindingmoad_molpilot_v50/bindingmoad_026_7gsp_sgp_gen.sdf,0_0_4,8,True,True,True,True,True,True,True,True,True,True,True
results/bindingmoad_molpilot_v50/bindingmoad_026_7gsp_sgp_gen.sdf,0_0_5,9,True,True,True,True,True,True,True,True,True,True,True
results/bindingmoad_molpilot_v50/bindingmoad_026_7gsp_sgp_gen.sdf,0_0_6,10,True,True,True,True,True,True,True,True,True,True,True
results/bindingmoad_molpilot_v50/bindingmoad_026_7gsp_sgp_gen.sdf,0_0_8,11,True,True,True,True,True,True,True,True,True,True,True
results/bindingmoad_molpilot_v50/bindingmoad_026_7gsp_sgp_gen.sdf,0_0_9,12,True,True,True,True,True,True,True,True,True,True,True
results/bindingmoad_molpilot_v50/bindingmoad_029_1cy7_tmp_gen.sdf,0_0_1,0,True,True,True,True,True,True,True,True,True,True,True
results/bindingmoad_molpilot_v50/bindingmoad_029_1cy7_tmp_gen.sdf,0_0_10,1,True,True,True,True,True,True,True,True,True,True,True
results/bindingmoad_molpilot_v50/bindingmoad_029_1cy7_tmp_gen.sdf,0_0_11,2,True,True,True,True,True,True,True,True,True,True,True
results/bindingmoad_molpilot_v50/bindingmoad_029_1cy7_tmp_gen.sdf,0_0_12,3,True,True,True,True,True,False,True,True,True,True,True
results/bindingmoad_molpilot_v50/bindingmoad_029_1cy7_tmp_gen.sdf,0_0_13,4,True,True,True,True,True,True,True,True,True,True,True
results/bindingmoad_molpilot_v50/bindingmoad_029_1cy7_tmp_gen.sdf,0_0_14,5,True,True,True,True,True,True,True,True,True,True,True
results/bindingmoad_molpilot_v50/bindingmoad_029_1cy7_tmp_gen.sdf,0_0_15,6,True,True,True,True,True,True,True,True,True,False,True
results/bindingmoad_molpilot_v50/bindingmoad_029_1cy7_tmp_gen.sdf,0_0_2,7,True,True,True,True,True,True,True,True,True,True,True
results/bindingmoad_molpilot_v50/bindingmoad_029_1cy7_tmp_gen.sdf,0_0_3,8,True,True,True,True,True,True,True,True,True,True,True
results/bindingmoad_molpilot_v50/bindingmoad_029_1cy7_tmp_gen.sdf,0_0_4,9,True,True,True,True,True,True,True,True,True,True,True
results/bindingmoad_molpilot_v50/bindingmoad_029_1cy7_tmp_gen.sdf,0_0_5,10,True,True,True,True,True,True,True,True,True,True,True
results/bindingmoad_molpilot_v50/bindingmoad_029_1cy7_tmp_gen.sdf,0_0_6,11,True,True,True,True,True,True,True,True,True,True,True
results/bindingmoad_molpilot_v50/bindingmoad_029_1cy7_tmp_gen.sdf,0_0_8,12,True,True,True,True,True,True,True,True,True,True,True
results/bindingmoad_molpilot_v50/bindingmoad_029_1cy7_tmp_gen.sdf,0_0_9,13,True,True,True,True,True,True,True,True,True,True,True
results/bindingmoad_molpilot_v50/bindingmoad_035_5iv3_lri_gen.sdf,0_0_0,0,True,True,True,True,True,True,True,True,True,True,True
results/bindingmoad_molpilot_v50/bindingmoad_035_5iv3_lri_gen.sdf,0_0_1,1,True,True,True,True,True,True,True,True,True,True,True
results/bindingmoad_molpilot_v50/bindingmoad_035_5iv3_lri_gen.sdf,0_0_10,2,True,True,True,True,True,True,True,True,True,True,True
results/bindingmoad_molpilot_v50/bindingmoad_035_5iv3_lri_gen.sdf,0_0_11,3,True,True,True,True,True,True,True,True,True,True,True
results/bindingmoad_molpilot_v50/bindingmoad_035_5iv3_lri_gen.sdf,0_0_12,4,True,True,True,True,True,True,True,True,True,True,True
results/bindingmoad_molpilot_v50/bindingmoad_035_5iv3_lri_gen.sdf,0_0_14,5,True,True,True,True,True,True,True,True,True,True,True
results/bindingmoad_molpilot_v50/bindingmoad_035_5iv3_lri_gen.sdf,0_0_15,6,True,True,True,True,True,True,True,True,True,True,True
results/bindingmoad_molpilot_v50/bindingmoad_035_5iv3_lri_gen.sdf,0_0_2,7,True,True,True,True,True,True,True,True,True,True,True
results/bindingmoad_molpilot_v50/bindingmoad_035_5iv3_lri_gen.sdf,0_0_4,8,True,True,True,True,True,True,True,True,True,True,True
results/bindingmoad_molpilot_v50/bindingmoad_035_5iv3_lri_gen.sdf,0_0_5,9,True,True,True,True,True,True,True,True,True,True,True
results/bindingmoad_molpilot_v50/bindingmoad_035_5iv3_lri_gen.sdf,0_0_6,10,True,True,True,True,True,True,True,True,True,True,True
results/bindingmoad_molpilot_v50/bindingmoad_035_5iv3_lri_gen.sdf,0_0_8,11,True,True,True,True,True,True,True,True,True,True,True
results/bindingmoad_molpilot_v50/bindingmoad_039_5mt9_sro_gen.sdf,0_0_0,0,True,True,True,True,True,True,True,True,True,True,True
results/bindingmoad_molpilot_v50/bindingmoad_039_5mt9_sro_gen.sdf,0_0_1,1,True,True,True,True,True,True,True,True,True,True,True
results/bindingmoad_molpilot_v50/bindingmoad_039_5mt9_sro_gen.sdf,0_0_11,2,True,True,True,True,True,True,True,True,True,True,True
results/bindingmoad_molpilot_v50/bindingmoad_039_5mt9_sro_gen.sdf,0_0_12,3,True,True,True,True,True,True,True,True,True,True,True
results/bindingmoad_molpilot_v50/bindingmoad_039_5mt9_sro_gen.sdf,0_0_13,4,True,True,True,True,True,True,True,True,True,True,True
results/bindingmoad_molpilot_v50/bindingmoad_039_5mt9_sro_gen.sdf,0_0_14,5,True,True,True,True,True,True,True,True,True,True,True
results/bindingmoad_molpilot_v50/bindingmoad_039_5mt9_sro_gen.sdf,0_0_15,6,True,True,True,True,True,True,True,True,True,True,True
results/bindingmoad_molpilot_v50/bindingmoad_039_5mt9_sro_gen.sdf,0_0_2,7,True,True,True,True,True,True,True,True,True,True,True
results/bindingmoad_molpilot_v50/bindingmoad_039_5mt9_sro_gen.sdf,0_0_3,8,True,True,True,True,True,True,True,True,True,True,True
results/bindingmoad_molpilot_v50/bindingmoad_039_5mt9_sro_gen.sdf,0_0_4,9,True,True,True,True,True,True,True,True,True,True,True
results/bindingmoad_molpilot_v50/bindingmoad_039_5mt9_sro_gen.sdf,0_0_7,10,True,True,True,True,True,True,True,True,True,True,True
results/bindingmoad_molpilot_v50/bindingmoad_039_5mt9_sro_gen.sdf,0_0_8,11,True,True,True,True,True,True,True,True,True,True,True
results/bindingmoad_molpilot_v50/bindingmoad_039_5mt9_sro_gen.sdf,0_0_9,12,True,True,True,True,True,True,True,True,True,True,True
results/bindingmoad_molpilot_v50/bindingmoad_013_3vi0_sog_gen.sdf,0_0_0,0,True,True,True,True,True,True,True,True,True,True,True
results/bindingmoad_molpilot_v50/bindingmoad_013_3vi0_sog_gen.sdf,0_0_1,1,True,True,True,True,True,True,True,True,True,True,True
results/bindingmoad_molpilot_v50/bindingmoad_013_3vi0_sog_gen.sdf,0_0_11,2,True,True,True,True,True,True,True,True,True,True,True
results/bindingmoad_molpilot_v50/bindingmoad_013_3vi0_sog_gen.sdf,0_0_12,3,True,True,True,True,True,True,True,True,True,True,True
results/bindingmoad_molpilot_v50/bindingmoad_013_3vi0_sog_gen.sdf,0_0_14,4,True,True,True,True,True,True,True,True,True,True,True
results/bindingmoad_molpilot_v50/bindingmoad_013_3vi0_sog_gen.sdf,0_0_2,5,True,True,True,True,True,True,True,True,True,True,True
results/bindingmoad_molpilot_v50/bindingmoad_013_3vi0_sog_gen.sdf,0_0_4,6,True,True,True,True,True,True,True,True,True,True,True
results/bindingmoad_molpilot_v50/bindingmoad_013_3vi0_sog_gen.sdf,0_0_5,7,True,True,True,True,True,True,True,True,True,True,True
results/bindingmoad_molpilot_v50/bindingmoad_013_3vi0_sog_gen.sdf,0_0_6,8,True,True,True,True,True,True,True,True,True,True,True
results/bindingmoad_molpilot_v50/bindingmoad_013_3vi0_sog_gen.sdf,0_0_7,9,True,True,True,True,True,True,True,True,True,True,True
results/bindingmoad_molpilot_v50/bindingmoad_013_3vi0_sog_gen.sdf,0_0_8,10,True,True,True,True,True,True,True,True,True,True,True
results/bindingmoad_molpilot_v50/bindingmoad_013_3vi0_sog_gen.sdf,0_0_9,11,True,True,True,True,True,True,True,True,True,True,True
results/bindingmoad_molpilot_v50/bindingmoad_036_6ypf_gpp_gen.sdf,0_0_1,0,True,True,True,True,True,True,True,True,True,True,True
results/bindingmoad_molpilot_v50/bindingmoad_036_6ypf_gpp_gen.sdf,0_0_10,1,True,True,True,True,True,False,True,True,True,True,True
results/bindingmoad_molpilot_v50/bindingmoad_036_6ypf_gpp_gen.sdf,0_0_11,2,True,True,True,True,True,True,True,True,True,True,True
results/bindingmoad_molpilot_v50/bindingmoad_036_6ypf_gpp_gen.sdf,0_0_12,3,True,True,True,True,True,True,True,True,True,True,True
results/bindingmoad_molpilot_v50/bindingmoad_036_6ypf_gpp_gen.sdf,0_0_13,4,True,True,True,True,True,True,True,True,True,True,True
results/bindingmoad_molpilot_v50/bindingmoad_036_6ypf_gpp_gen.sdf,0_0_14,5,True,True,True,True,True,True,True,True,True,True,True
results/bindingmoad_molpilot_v50/bindingmoad_036_6ypf_gpp_gen.sdf,0_0_15,6,True,True,True,True,True,True,True,True,True,True,True
results/bindingmoad_molpilot_v50/bindingmoad_036_6ypf_gpp_gen.sdf,0_0_2,7,True,True,True,True,True,True,True,True,True,True,True
results/bindingmoad_molpilot_v50/bindingmoad_036_6ypf_gpp_gen.sdf,0_0_4,8,True,True,True,True,True,True,True,True,True,True,True
results/bindingmoad_molpilot_v50/bindingmoad_036_6ypf_gpp_gen.sdf,0_0_5,9,True,True,True,True,True,True,True,True,True,True,True
results/bindingmoad_molpilot_v50/bindingmoad_036_6ypf_gpp_gen.sdf,0_0_6,10,True,True,True,True,True,True,True,True,True,True,True
results/bindingmoad_molpilot_v50/bindingmoad_036_6ypf_gpp_gen.sdf,0_0_9,11,True,True,True,True,True,True,True,True,True,True,True
results/bindingmoad_molpilot_v50/bindingmoad_012_6toi_nqn_gen.sdf,0_0_1,0,True,True,True,True,True,True,True,True,True,True,True
results/bindingmoad_molpilot_v50/bindingmoad_012_6toi_nqn_gen.sdf,0_0_10,1,True,True,True,True,True,True,True,True,True,True,True
results/bindingmoad_molpilot_v50/bindingmoad_012_6toi_nqn_gen.sdf,0_0_11,2,True,True,True,True,True,True,True,True,True,True,True
results/bindingmoad_molpilot_v50/bindingmoad_012_6toi_nqn_gen.sdf,0_0_12,3,True,True,True,True,True,True,True,True,True,True,True
results/bindingmoad_molpilot_v50/bindingmoad_012_6toi_nqn_gen.sdf,0_0_15,4,True,True,True,True,True,True,True,True,True,True,True
results/bindingmoad_molpilot_v50/bindingmoad_012_6toi_nqn_gen.sdf,0_0_2,5,True,True,True,True,True,True,True,True,True,True,True
results/bindingmoad_molpilot_v50/bindingmoad_012_6toi_nqn_gen.sdf,0_0_3,6,True,True,True,True,True,True,True,True,True,True,True
results/bindingmoad_molpilot_v50/bindingmoad_012_6toi_nqn_gen.sdf,0_0_4,7,True,True,True,True,True,True,True,True,True,True,True
results/bindingmoad_molpilot_v50/bindingmoad_012_6toi_nqn_gen.sdf,0_0_5,8,True,True,True,True,True,True,True,True,True,True,True
results/bindingmoad_molpilot_v50/bindingmoad_012_6toi_nqn_gen.sdf,0_0_6,9,True,True,True,True,True,True,True,True,True,True,True
results/bindingmoad_molpilot_v50/bindingmoad_012_6toi_nqn_gen.sdf,0_0_7,10,True,True,True,True,True,True,True,True,True,True,True
results/bindingmoad_molpilot_v50/bindingmoad_012_6toi_nqn_gen.sdf,0_0_8,11,True,True,True,True,True,True,True,True,True,True,True
results/bindingmoad_molpilot_v50/bindingmoad_044_5ijz_akg_gen.sdf,0_0_1,0,True,True,True,True,True,True,True,True,True,True,True
results/bindingmoad_molpilot_v50/bindingmoad_044_5ijz_akg_gen.sdf,0_0_10,1,True,True,True,True,True,True,True,True,True,True,True
results/bindingmoad_molpilot_v50/bindingmoad_044_5ijz_akg_gen.sdf,0_0_11,2,True,True,True,True,True,True,True,True,True,True,True
results/bindingmoad_molpilot_v50/bindingmoad_044_5ijz_akg_gen.sdf,0_0_12,3,True,True,True,True,True,True,True,True,True,True,True
results/bindingmoad_molpilot_v50/bindingmoad_044_5ijz_akg_gen.sdf,0_0_13,4,True,True,True,True,True,True,True,True,True,True,True
results/bindingmoad_molpilot_v50/bindingmoad_044_5ijz_akg_gen.sdf,0_0_14,5,True,True,True,True,True,True,True,True,True,True,True
results/bindingmoad_molpilot_v50/bindingmoad_044_5ijz_akg_gen.sdf,0_0_15,6,True,True,True,True,True,True,True,True,True,True,True
results/bindingmoad_molpilot_v50/bindingmoad_044_5ijz_akg_gen.sdf,0_0_2,7,True,True,True,True,True,True,True,True,True,True,True
results/bindingmoad_molpilot_v50/bindingmoad_044_5ijz_akg_gen.sdf,0_0_3,8,True,True,True,True,True,True,True,True,True,True,True
results/bindingmoad_molpilot_v50/bindingmoad_044_5ijz_akg_gen.sdf,0_0_4,9,True,True,True,True,True,True,True,True,True,True,True
results/bindingmoad_molpilot_v50/bindingmoad_044_5ijz_akg_gen.sdf,0_0_5,10,True,True,True,True,True,True,True,True,True,True,True
results/bindingmoad_molpilot_v50/bindingmoad_044_5ijz_akg_gen.sdf,0_0_6,11,True,True,True,True,True,True,True,True,True,True,True
results/bindingmoad_molpilot_v50/bindingmoad_044_5ijz_akg_gen.sdf,0_0_7,12,True,True,True,True,True,True,True,True,True,True,True
results/bindingmoad_molpilot_v50/bindingmoad_044_5ijz_akg_gen.sdf,0_0_8,13,True,True,True,True,True,True,True,True,True,True,True
results/bindingmoad_molpilot_v50/bindingmoad_044_5ijz_akg_gen.sdf,0_0_9,14,True,True,True,True,True,True,True,True,True,True,True
results/bindingmoad_molpilot_v50/bindingmoad_017_6r18_ef2_gen.sdf,0_0_0,0,True,True,True,True,True,True,True,True,True,True,True
results/bindingmoad_molpilot_v50/bindingmoad_017_6r18_ef2_gen.sdf,0_0_1,1,True,True,True,True,True,True,True,True,True,True,True
results/bindingmoad_molpilot_v50/bindingmoad_017_6r18_ef2_gen.sdf,0_0_10,2,True,True,True,True,True,True,True,True,True,True,True
results/bindingmoad_molpilot_v50/bindingmoad_017_6r18_ef2_gen.sdf,0_0_11,3,True,True,True,True,True,True,True,True,True,True,True
results/bindingmoad_molpilot_v50/bindingmoad_017_6r18_ef2_gen.sdf,0_0_12,4,True,True,True,True,True,True,True,True,True,True,True
results/bindingmoad_molpilot_v50/bindingmoad_017_6r18_ef2_gen.sdf,0_0_13,5,True,True,True,True,True,True,True,True,True,True,True
results/bindingmoad_molpilot_v50/bindingmoad_017_6r18_ef2_gen.sdf,0_0_14,6,True,True,True,True,True,True,True,True,True,True,True
results/bindingmoad_molpilot_v50/bindingmoad_017_6r18_ef2_gen.sdf,0_0_15,7,True,True,True,True,True,True,True,True,True,True,True
results/bindingmoad_molpilot_v50/bindingmoad_017_6r18_ef2_gen.sdf,0_0_2,8,True,True,True,True,True,True,True,True,True,True,True
results/bindingmoad_molpilot_v50/bindingmoad_017_6r18_ef2_gen.sdf,0_0_3,9,True,True,True,True,True,True,True,True,True,True,True
results/bindingmoad_molpilot_v50/bindingmoad_017_6r18_ef2_gen.sdf,0_0_4,10,True,True,True,True,True,True,True,True,True,True,True
results/bindingmoad_molpilot_v50/bindingmoad_017_6r18_ef2_gen.sdf,0_0_5,11,True,True,True,True,True,True,True,True,True,True,True
results/bindingmoad_molpilot_v50/bindingmoad_017_6r18_ef2_gen.sdf,0_0_6,12,True,True,True,True,True,True,True,True,True,True,True
results/bindingmoad_molpilot_v50/bindingmoad_017_6r18_ef2_gen.sdf,0_0_8,13,True,True,True,True,True,True,True,True,True,True,True
results/bindingmoad_molpilot_v50/bindingmoad_017_6r18_ef2_gen.sdf,0_0_9,14,True,True,True,True,True,True,True,True,True,True,True
results/bindingmoad_molpilot_v50/bindingmoad_000_4n9e_2hl_gen.sdf,0_0_11,0,True,True,True,True,True,True,True,True,True,True,True
results/bindingmoad_molpilot_v50/bindingmoad_000_4n9e_2hl_gen.sdf,0_0_12,1,True,True,True,True,True,True,True,True,True,True,True
results/bindingmoad_molpilot_v50/bindingmoad_000_4n9e_2hl_gen.sdf,0_0_13,2,True,True,True,True,True,True,True,True,True,True,True
results/bindingmoad_molpilot_v50/bindingmoad_000_4n9e_2hl_gen.sdf,0_0_15,3,True,True,True,True,True,True,True,True,True,True,True
results/bindingmoad_molpilot_v50/bindingmoad_000_4n9e_2hl_gen.sdf,0_0_2,4,True,True,True,True,True,True,True,True,True,True,True
results/bindingmoad_molpilot_v50/bindingmoad_000_4n9e_2hl_gen.sdf,0_0_5,5,True,True,True,True,True,True,True,True,True,True,True
results/bindingmoad_molpilot_v50/bindingmoad_000_4n9e_2hl_gen.sdf,0_0_6,6,True,True,True,True,True,True,True,True,True,True,True
results/bindingmoad_molpilot_v50/bindingmoad_000_4n9e_2hl_gen.sdf,0_0_8,7,True,True,True,True,True,True,True,True,True,True,True
results/bindingmoad_molpilot_v50/bindingmoad_000_4n9e_2hl_gen.sdf,0_0_9,8,True,True,True,True,True,True,True,True,True,True,True
results/bindingmoad_molpilot_v50/bindingmoad_028_6e7r_hys_gen.sdf,0_0_0,0,True,True,True,True,True,True,True,True,True,True,True
results/bindingmoad_molpilot_v50/bindingmoad_028_6e7r_hys_gen.sdf,0_0_11,1,True,True,True,True,True,True,True,True,True,True,True
results/bindingmoad_molpilot_v50/bindingmoad_028_6e7r_hys_gen.sdf,0_0_12,2,True,True,True,True,True,True,True,True,True,True,True
results/bindingmoad_molpilot_v50/bindingmoad_028_6e7r_hys_gen.sdf,0_0_13,3,True,True,True,True,True,True,True,True,True,True,True
results/bindingmoad_molpilot_v50/bindingmoad_028_6e7r_hys_gen.sdf,0_0_14,4,True,True,True,True,True,True,True,True,True,True,True
results/bindingmoad_molpilot_v50/bindingmoad_028_6e7r_hys_gen.sdf,0_0_15,5,True,True,True,True,True,True,True,True,True,True,True
results/bindingmoad_molpilot_v50/bindingmoad_028_6e7r_hys_gen.sdf,0_0_2,6,True,True,True,True,True,True,True,True,True,True,True
results/bindingmoad_molpilot_v50/bindingmoad_028_6e7r_hys_gen.sdf,0_0_4,7,True,True,True,True,True,True,True,True,True,True,True
results/bindingmoad_molpilot_v50/bindingmoad_028_6e7r_hys_gen.sdf,0_0_5,8,True,True,True,True,True,True,True,True,True,True,True
results/bindingmoad_molpilot_v50/bindingmoad_028_6e7r_hys_gen.sdf,0_0_6,9,True,True,True,True,True,False,True,True,True,True,True
results/bindingmoad_molpilot_v50/bindingmoad_028_6e7r_hys_gen.sdf,0_0_8,10,True,True,True,True,True,True,True,True,True,True,True
results/bindingmoad_molpilot_v50/bindingmoad_028_6e7r_hys_gen.sdf,0_0_9,11,True,True,True,False,True,True,True,True,True,True,True
results/bindingmoad_molpilot_v50/bindingmoad_016_5he5_60s_gen.sdf,0_0_0,0,True,True,True,True,True,True,True,True,True,True,True
results/bindingmoad_molpilot_v50/bindingmoad_016_5he5_60s_gen.sdf,0_0_10,1,True,True,True,True,True,True,True,True,True,True,True
results/bindingmoad_molpilot_v50/bindingmoad_016_5he5_60s_gen.sdf,0_0_12,2,True,True,True,True,True,True,True,True,True,True,True
results/bindingmoad_molpilot_v50/bindingmoad_016_5he5_60s_gen.sdf,0_0_13,3,True,True,True,True,True,True,True,True,True,True,True
results/bindingmoad_molpilot_v50/bindingmoad_016_5he5_60s_gen.sdf,0_0_14,4,True,True,True,True,True,True,True,True,True,True,True
results/bindingmoad_molpilot_v50/bindingmoad_016_5he5_60s_gen.sdf,0_0_2,5,True,True,True,True,True,True,True,True,True,True,True
results/bindingmoad_molpilot_v50/bindingmoad_016_5he5_60s_gen.sdf,0_0_4,6,True,True,True,True,True,True,True,True,True,True,True
results/bindingmoad_molpilot_v50/bindingmoad_016_5he5_60s_gen.sdf,0_0_5,7,True,True,True,True,True,True,True,True,True,True,True
results/bindingmoad_molpilot_v50/bindingmoad_016_5he5_60s_gen.sdf,0_0_6,8,True,True,True,True,True,True,True,True,True,True,True
results/bindingmoad_molpilot_v50/bindingmoad_016_5he5_60s_gen.sdf,0_0_7,9,True,True,True,True,True,True,True,True,True,True,True
results/bindingmoad_molpilot_v50/bindingmoad_016_5he5_60s_gen.sdf,0_0_8,10,True,True,True,True,True,True,True,True,True,True,True
results/bindingmoad_molpilot_v50/bindingmoad_016_5he5_60s_gen.sdf,0_0_9,11,True,True,True,True,True,True,True,True,True,True,True
results/bindingmoad_molpilot_v50/bindingmoad_041_4a03_f98_gen.sdf,0_0_0,0,True,True,True,True,True,True,True,True,True,True,True
results/bindingmoad_molpilot_v50/bindingmoad_041_4a03_f98_gen.sdf,0_0_1,1,True,True,True,True,True,True,True,True,True,True,True
results/bindingmoad_molpilot_v50/bindingmoad_041_4a03_f98_gen.sdf,0_0_10,2,True,True,True,True,True,True,True,True,True,True,True
results/bindingmoad_molpilot_v50/bindingmoad_041_4a03_f98_gen.sdf,0_0_11,3,True,True,True,True,True,True,True,True,True,True,True
results/bindingmoad_molpilot_v50/bindingmoad_041_4a03_f98_gen.sdf,0_0_12,4,True,True,True,True,True,True,True,True,True,True,True
results/bindingmoad_molpilot_v50/bindingmoad_041_4a03_f98_gen.sdf,0_0_13,5,True,True,True,True,True,True,True,True,True,True,True
results/bindingmoad_molpilot_v50/bindingmoad_041_4a03_f98_gen.sdf,0_0_14,6,True,True,True,True,True,True,True,True,True,True,True
results/bindingmoad_molpilot_v50/bindingmoad_041_4a03_f98_gen.sdf,0_0_15,7,True,True,True,True,True,True,True,True,True,True,True
results/bindingmoad_molpilot_v50/bindingmoad_041_4a03_f98_gen.sdf,0_0_2,8,True,True,True,True,True,True,True,True,True,True,True
results/bindingmoad_molpilot_v50/bindingmoad_041_4a03_f98_gen.sdf,0_0_3,9,True,True,True,True,True,True,True,True,True,True,False
results/bindingmoad_molpilot_v50/bindingmoad_041_4a03_f98_gen.sdf,0_0_4,10,True,True,True,True,True,True,True,True,True,True,True
results/bindingmoad_molpilot_v50/bindingmoad_041_4a03_f98_gen.sdf,0_0_5,11,True,True,True,True,True,True,True,True,True,True,True
results/bindingmoad_molpilot_v50/bindingmoad_041_4a03_f98_gen.sdf,0_0_6,12,True,True,True,True,True,True,True,True,True,True,True
results/bindingmoad_molpilot_v50/bindingmoad_041_4a03_f98_gen.sdf,0_0_7,13,True,True,True,True,True,True,True,True,True,True,True
results/bindingmoad_molpilot_v50/bindingmoad_041_4a03_f98_gen.sdf,0_0_8,14,True,True,True,True,True,True,True,True,True,True,True
results/bindingmoad_molpilot_v50/bindingmoad_041_4a03_f98_gen.sdf,0_0_9,15,True,True,True,True,True,True,True,True,True,True,True
results/bindingmoad_molpilot_v50/bindingmoad_049_4q3c_2yg_gen.sdf,0_0_0,0,True,True,True,True,True,True,True,True,True,True,True
results/bindingmoad_molpilot_v50/bindingmoad_049_4q3c_2yg_gen.sdf,0_0_1,1,True,True,True,True,True,True,True,True,True,True,True
results/bindingmoad_molpilot_v50/bindingmoad_049_4q3c_2yg_gen.sdf,0_0_10,2,True,True,True,True,True,False,True,True,True,True,True
results/bindingmoad_molpilot_v50/bindingmoad_049_4q3c_2yg_gen.sdf,0_0_11,3,True,True,True,True,True,True,True,True,True,True,True
results/bindingmoad_molpilot_v50/bindingmoad_049_4q3c_2yg_gen.sdf,0_0_12,4,True,True,True,True,True,True,True,True,True,True,True
results/bindingmoad_molpilot_v50/bindingmoad_049_4q3c_2yg_gen.sdf,0_0_13,5,True,True,True,True,True,True,True,True,True,True,True
results/bindingmoad_molpilot_v50/bindingmoad_049_4q3c_2yg_gen.sdf,0_0_14,6,True,True,True,True,True,True,True,True,True,True,True
results/bindingmoad_molpilot_v50/bindingmoad_049_4q3c_2yg_gen.sdf,0_0_15,7,True,True,True,True,True,True,True,True,True,True,True
results/bindingmoad_molpilot_v50/bindingmoad_049_4q3c_2yg_gen.sdf,0_0_2,8,True,True,True,True,True,True,True,True,True,True,True
results/bindingmoad_molpilot_v50/bindingmoad_049_4q3c_2yg_gen.sdf,0_0_3,9,True,True,True,True,True,True,True,True,True,True,True
results/bindingmoad_molpilot_v50/bindingmoad_049_4q3c_2yg_gen.sdf,0_0_4,10,True,True,True,True,True,True,True,True,True,True,True
results/bindingmoad_molpilot_v50/bindingmoad_049_4q3c_2yg_gen.sdf,0_0_5,11,True,True,True,True,True,True,True,True,True,True,True
results/bindingmoad_molpilot_v50/bindingmoad_049_4q3c_2yg_gen.sdf,0_0_6,12,True,True,True,True,True,True,True,True,True,True,True
results/bindingmoad_molpilot_v50/bindingmoad_049_4q3c_2yg_gen.sdf,0_0_7,13,True,True,True,True,True,True,True,True,True,True,True
results/bindingmoad_molpilot_v50/bindingmoad_049_4q3c_2yg_gen.sdf,0_0_8,14,True,True,True,True,True,True,True,True,True,True,True
results/bindingmoad_molpilot_v50/bindingmoad_027_3zkn_wzv_gen.sdf,0_0_10,0,True,True,True,True,True,True,True,True,True,True,True
results/bindingmoad_molpilot_v50/bindingmoad_027_3zkn_wzv_gen.sdf,0_0_11,1,True,True,True,True,True,True,True,True,True,True,True
results/bindingmoad_molpilot_v50/bindingmoad_027_3zkn_wzv_gen.sdf,0_0_12,2,True,True,True,True,True,True,True,True,True,True,True
results/bindingmoad_molpilot_v50/bindingmoad_027_3zkn_wzv_gen.sdf,0_0_14,3,True,True,True,True,True,True,True,True,True,True,True
results/bindingmoad_molpilot_v50/bindingmoad_027_3zkn_wzv_gen.sdf,0_0_15,4,True,True,True,True,True,True,True,True,True,True,True
results/bindingmoad_molpilot_v50/bindingmoad_027_3zkn_wzv_gen.sdf,0_0_2,5,True,True,True,True,True,True,True,True,True,True,True
results/bindingmoad_molpilot_v50/bindingmoad_027_3zkn_wzv_gen.sdf,0_0_3,6,True,True,True,True,True,True,True,True,True,True,True
results/bindingmoad_molpilot_v50/bindingmoad_027_3zkn_wzv_gen.sdf,0_0_4,7,True,True,True,True,True,True,True,True,True,True,True
results/bindingmoad_molpilot_v50/bindingmoad_027_3zkn_wzv_gen.sdf,0_0_6,8,True,True,True,False,True,True,True,True,True,True,True
results/bindingmoad_molpilot_v50/bindingmoad_027_3zkn_wzv_gen.sdf,0_0_7,9,True,True,True,True,True,True,True,True,True,True,True
results/bindingmoad_molpilot_v50/bindingmoad_027_3zkn_wzv_gen.sdf,0_0_9,10,True,True,True,True,True,True,True,True,True,True,True
results/bindingmoad_molpilot_v50/bindingmoad_043_1tkb_n1t_gen.sdf,0_0_1,0,True,True,True,True,True,True,True,True,True,True,True
results/bindingmoad_molpilot_v50/bindingmoad_043_1tkb_n1t_gen.sdf,0_0_12,1,True,True,True,True,True,False,True,True,True,True,True
results/bindingmoad_molpilot_v50/bindingmoad_043_1tkb_n1t_gen.sdf,0_0_14,2,True,True,True,True,True,True,True,True,True,True,True
results/bindingmoad_molpilot_v50/bindingmoad_043_1tkb_n1t_gen.sdf,0_0_3,3,True,True,True,True,True,True,True,True,True,True,True
results/bindingmoad_molpilot_v50/bindingmoad_043_1tkb_n1t_gen.sdf,0_0_5,4,True,True,True,True,True,True,True,True,True,True,True
results/bindingmoad_molpilot_v50/bindingmoad_043_1tkb_n1t_gen.sdf,0_0_6,5,True,True,True,True,True,True,True,True,True,True,True
results/bindingmoad_molpilot_v50/bindingmoad_043_1tkb_n1t_gen.sdf,0_0_7,6,True,True,True,True,True,True,True,True,True,True,True
results/bindingmoad_molpilot_v50/bindingmoad_043_1tkb_n1t_gen.sdf,0_0_9,7,True,True,True,True,True,False,True,True,True,True,True
results/bindingmoad_molpilot_v50/bindingmoad_045_4pee_2ox_gen.sdf,0_0_0,0,True,True,True,True,True,True,True,True,True,True,True
results/bindingmoad_molpilot_v50/bindingmoad_045_4pee_2ox_gen.sdf,0_0_1,1,True,True,True,True,True,True,True,True,True,True,True
results/bindingmoad_molpilot_v50/bindingmoad_045_4pee_2ox_gen.sdf,0_0_10,2,True,True,True,True,True,True,True,True,True,True,True
results/bindingmoad_molpilot_v50/bindingmoad_045_4pee_2ox_gen.sdf,0_0_11,3,True,True,True,True,True,True,True,True,True,True,True
results/bindingmoad_molpilot_v50/bindingmoad_045_4pee_2ox_gen.sdf,0_0_13,4,True,True,True,True,True,True,True,True,True,False,True
results/bindingmoad_molpilot_v50/bindingmoad_045_4pee_2ox_gen.sdf,0_0_14,5,True,True,True,True,True,True,True,True,True,True,True
results/bindingmoad_molpilot_v50/bindingmoad_045_4pee_2ox_gen.sdf,0_0_15,6,True,True,True,True,True,True,True,True,True,True,True
results/bindingmoad_molpilot_v50/bindingmoad_045_4pee_2ox_gen.sdf,0_0_4,7,True,True,True,True,True,True,True,True,True,True,True
results/bindingmoad_molpilot_v50/bindingmoad_045_4pee_2ox_gen.sdf,0_0_5,8,True,True,True,True,True,True,True,True,True,True,True
results/bindingmoad_molpilot_v50/bindingmoad_045_4pee_2ox_gen.sdf,0_0_6,9,True,True,True,True,True,True,True,True,True,True,True
results/bindingmoad_molpilot_v50/bindingmoad_045_4pee_2ox_gen.sdf,0_0_7,10,True,True,True,True,True,True,True,True,True,True,True
results/bindingmoad_molpilot_v50/bindingmoad_045_4pee_2ox_gen.sdf,0_0_8,11,True,True,True,True,True,True,True,True,True,True,True
results/bindingmoad_molpilot_v50/bindingmoad_045_4pee_2ox_gen.sdf,0_0_9,12,True,True,True,True,True,True,True,True,True,True,True
results/bindingmoad_molpilot_v50/bindingmoad_047_2aa5_str_gen.sdf,0_0_1,0,True,True,True,True,True,True,True,True,True,True,True
results/bindingmoad_molpilot_v50/bindingmoad_047_2aa5_str_gen.sdf,0_0_11,1,True,True,True,True,True,True,True,True,True,True,True
results/bindingmoad_molpilot_v50/bindingmoad_047_2aa5_str_gen.sdf,0_0_12,2,True,True,True,True,True,True,True,True,True,True,True
results/bindingmoad_molpilot_v50/bindingmoad_047_2aa5_str_gen.sdf,0_0_13,3,True,True,True,True,True,True,True,True,True,True,True
results/bindingmoad_molpilot_v50/bindingmoad_047_2aa5_str_gen.sdf,0_0_14,4,True,True,True,True,True,True,True,True,True,True,True
results/bindingmoad_molpilot_v50/bindingmoad_047_2aa5_str_gen.sdf,0_0_15,5,True,True,True,True,True,True,True,True,True,True,True
results/bindingmoad_molpilot_v50/bindingmoad_047_2aa5_str_gen.sdf,0_0_2,6,True,True,True,True,True,False,True,True,True,True,True
results/bindingmoad_molpilot_v50/bindingmoad_047_2aa5_str_gen.sdf,0_0_4,7,True,True,True,True,True,True,True,True,True,True,True
results/bindingmoad_molpilot_v50/bindingmoad_047_2aa5_str_gen.sdf,0_0_5,8,True,True,True,True,True,True,True,True,True,True,True
results/bindingmoad_molpilot_v50/bindingmoad_047_2aa5_str_gen.sdf,0_0_6,9,True,True,True,True,True,False,False,True,True,True,True
results/bindingmoad_molpilot_v50/bindingmoad_047_2aa5_str_gen.sdf,0_0_8,10,True,True,True,True,True,True,True,True,True,True,True
results/bindingmoad_molpilot_v50/bindingmoad_047_2aa5_str_gen.sdf,0_0_9,11,True,True,True,True,True,True,True,True,True,True,True
results/bindingmoad_molpilot_v50/bindingmoad_007_5jgk_sah_gen.sdf,0_0_0,0,True,True,True,True,True,True,True,True,True,True,True
results/bindingmoad_molpilot_v50/bindingmoad_007_5jgk_sah_gen.sdf,0_0_1,1,True,True,True,True,True,True,True,True,True,True,True
results/bindingmoad_molpilot_v50/bindingmoad_007_5jgk_sah_gen.sdf,0_0_11,2,True,True,True,True,True,True,True,True,True,True,True
results/bindingmoad_molpilot_v50/bindingmoad_007_5jgk_sah_gen.sdf,0_0_12,3,True,True,True,True,True,True,True,True,True,True,True
results/bindingmoad_molpilot_v50/bindingmoad_007_5jgk_sah_gen.sdf,0_0_13,4,True,True,True,True,True,True,True,True,True,True,True
results/bindingmoad_molpilot_v50/bindingmoad_007_5jgk_sah_gen.sdf,0_0_14,5,True,True,True,True,True,True,True,True,True,True,True
results/bindingmoad_molpilot_v50/bindingmoad_007_5jgk_sah_gen.sdf,0_0_2,6,True,True,True,True,True,True,True,True,True,True,True
results/bindingmoad_molpilot_v50/bindingmoad_007_5jgk_sah_gen.sdf,0_0_3,7,True,True,True,True,True,True,True,True,True,True,True
results/bindingmoad_molpilot_v50/bindingmoad_007_5jgk_sah_gen.sdf,0_0_6,8,True,True,True,True,True,True,True,True,True,True,True
results/bindingmoad_molpilot_v50/bindingmoad_007_5jgk_sah_gen.sdf,0_0_7,9,True,True,True,True,True,True,True,True,True,True,True
results/bindingmoad_molpilot_v50/bindingmoad_007_5jgk_sah_gen.sdf,0_0_8,10,True,True,True,True,True,True,True,True,True,True,True
results/bindingmoad_molpilot_v50/bindingmoad_007_5jgk_sah_gen.sdf,0_0_9,11,True,True,True,True,True,True,True,True,True,True,True
results/bindingmoad_molpilot_v50/bindingmoad_009_5jg0_uc9_gen.sdf,0_0_1,0,True,True,True,True,True,True,True,True,True,True,True
results/bindingmoad_molpilot_v50/bindingmoad_009_5jg0_uc9_gen.sdf,0_0_10,1,True,True,True,False,True,True,True,True,True,True,True
results/bindingmoad_molpilot_v50/bindingmoad_009_5jg0_uc9_gen.sdf,0_0_11,2,True,True,True,True,True,True,True,True,True,True,True
results/bindingmoad_molpilot_v50/bindingmoad_009_5jg0_uc9_gen.sdf,0_0_12,3,True,True,True,True,True,True,True,True,True,True,True
results/bindingmoad_molpilot_v50/bindingmoad_009_5jg0_uc9_gen.sdf,0_0_13,4,True,True,True,True,True,True,True,True,True,True,True
results/bindingmoad_molpilot_v50/bindingmoad_009_5jg0_uc9_gen.sdf,0_0_14,5,True,True,True,True,True,True,True,True,True,True,True
results/bindingmoad_molpilot_v50/bindingmoad_009_5jg0_uc9_gen.sdf,0_0_15,6,True,True,True,True,True,True,True,True,True,True,True
results/bindingmoad_molpilot_v50/bindingmoad_009_5jg0_uc9_gen.sdf,0_0_5,7,True,True,True,True,True,True,True,True,True,True,True
results/bindingmoad_molpilot_v50/bindingmoad_009_5jg0_uc9_gen.sdf,0_0_7,8,True,True,True,True,True,True,True,True,True,True,True
results/bindingmoad_molpilot_v50/bindingmoad_009_5jg0_uc9_gen.sdf,0_0_8,9,True,True,True,True,True,True,True,True,True,True,True
results/bindingmoad_molpilot_v50/bindingmoad_040_3n10_cmp_gen.sdf,0_0_0,0,True,True,True,True,True,True,True,True,True,False,True
results/bindingmoad_molpilot_v50/bindingmoad_040_3n10_cmp_gen.sdf,0_0_1,1,True,True,True,True,True,True,True,True,True,True,True
results/bindingmoad_molpilot_v50/bindingmoad_040_3n10_cmp_gen.sdf,0_0_10,2,True,True,True,True,True,True,True,True,True,True,True
results/bindingmoad_molpilot_v50/bindingmoad_040_3n10_cmp_gen.sdf,0_0_11,3,True,True,True,True,True,True,True,True,True,True,True
results/bindingmoad_molpilot_v50/bindingmoad_040_3n10_cmp_gen.sdf,0_0_2,4,True,True,True,True,True,True,True,True,True,True,True
results/bindingmoad_molpilot_v50/bindingmoad_040_3n10_cmp_gen.sdf,0_0_3,5,True,True,True,True,True,True,True,True,True,True,True
results/bindingmoad_molpilot_v50/bindingmoad_040_3n10_cmp_gen.sdf,0_0_4,6,True,True,True,True,True,True,True,True,True,True,True
results/bindingmoad_molpilot_v50/bindingmoad_040_3n10_cmp_gen.sdf,0_0_5,7,True,True,True,True,True,True,True,True,True,True,True
results/bindingmoad_molpilot_v50/bindingmoad_040_3n10_cmp_gen.sdf,0_0_6,8,True,True,True,True,True,True,True,True,True,True,True
results/bindingmoad_molpilot_v50/bindingmoad_040_3n10_cmp_gen.sdf,0_0_7,9,True,True,True,True,True,True,True,True,True,True,True
results/bindingmoad_molpilot_v50/bindingmoad_040_3n10_cmp_gen.sdf,0_0_8,10,True,True,True,True,True,True,True,False,True,True,True
results/bindingmoad_molpilot_v50/bindingmoad_040_3n10_cmp_gen.sdf,0_0_9,11,True,True,True,True,True,True,True,True,True,True,True
results/bindingmoad_molpilot_v50/bindingmoad_042_4ug7_1ev_gen.sdf,0_0_0,0,True,True,True,True,True,True,True,True,True,True,True
results/bindingmoad_molpilot_v50/bindingmoad_042_4ug7_1ev_gen.sdf,0_0_13,1,True,True,True,True,True,True,True,True,True,True,True
results/bindingmoad_molpilot_v50/bindingmoad_042_4ug7_1ev_gen.sdf,0_0_14,2,True,True,True,True,True,True,True,True,True,True,True
results/bindingmoad_molpilot_v50/bindingmoad_042_4ug7_1ev_gen.sdf,0_0_15,3,True,True,True,True,True,True,True,True,True,True,True
results/bindingmoad_molpilot_v50/bindingmoad_042_4ug7_1ev_gen.sdf,0_0_3,4,True,True,True,True,True,True,True,True,True,True,True
results/bindingmoad_molpilot_v50/bindingmoad_042_4ug7_1ev_gen.sdf,0_0_4,5,True,True,True,True,True,True,True,True,True,True,True
results/bindingmoad_molpilot_v50/bindingmoad_042_4ug7_1ev_gen.sdf,0_0_5,6,True,True,True,True,True,True,True,True,True,True,True
results/bindingmoad_molpilot_v50/bindingmoad_042_4ug7_1ev_gen.sdf,0_0_6,7,True,True,True,True,True,True,True,True,True,True,True
results/bindingmoad_molpilot_v50/bindingmoad_042_4ug7_1ev_gen.sdf,0_0_7,8,True,True,True,True,True,True,True,True,True,True,True
results/bindingmoad_molpilot_v50/bindingmoad_042_4ug7_1ev_gen.sdf,0_0_8,9,True,True,True,True,True,True,True,True,True,True,True
results/bindingmoad_molpilot_v50/bindingmoad_042_4ug7_1ev_gen.sdf,0_0_9,10,True,True,True,True,True,True,True,True,True,True,True
results/bindingmoad_molpilot_v50/bindingmoad_048_6c9v_ers_gen.sdf,0_0_0,0,True,True,True,True,True,True,True,True,True,True,True
results/bindingmoad_molpilot_v50/bindingmoad_048_6c9v_ers_gen.sdf,0_0_10,1,True,True,True,True,True,True,True,True,True,True,True
results/bindingmoad_molpilot_v50/bindingmoad_048_6c9v_ers_gen.sdf,0_0_11,2,True,True,True,True,True,True,True,True,True,True,True
results/bindingmoad_molpilot_v50/bindingmoad_048_6c9v_ers_gen.sdf,0_0_12,3,True,True,True,True,True,True,True,True,True,True,True
results/bindingmoad_molpilot_v50/bindingmoad_048_6c9v_ers_gen.sdf,0_0_15,4,True,True,True,True,True,True,True,True,True,True,True
results/bindingmoad_molpilot_v50/bindingmoad_048_6c9v_ers_gen.sdf,0_0_2,5,True,True,True,True,True,True,True,True,True,True,True
results/bindingmoad_molpilot_v50/bindingmoad_048_6c9v_ers_gen.sdf,0_0_3,6,True,True,True,True,True,True,True,True,True,True,True
results/bindingmoad_molpilot_v50/bindingmoad_048_6c9v_ers_gen.sdf,0_0_5,7,True,True,True,True,True,True,True,True,True,True,True
results/bindingmoad_molpilot_v50/bindingmoad_048_6c9v_ers_gen.sdf,0_0_6,8,True,True,True,True,True,True,True,True,True,True,True
results/bindingmoad_molpilot_v50/bindingmoad_048_6c9v_ers_gen.sdf,0_0_7,9,True,True,True,True,True,True,True,True,True,True,True
results/bindingmoad_molpilot_v50/bindingmoad_048_6c9v_ers_gen.sdf,0_0_8,10,True,True,True,True,True,True,True,True,True,True,True
results/bindingmoad_molpilot_v50/bindingmoad_048_6c9v_ers_gen.sdf,0_0_9,11,True,True,True,True,True,True,True,True,True,True,True
results/bindingmoad_molpilot_v50/bindingmoad_021_3g5d_1n1_gen.sdf,0_0_0,0,True,True,True,True,True,True,True,True,True,True,True
results/bindingmoad_molpilot_v50/bindingmoad_021_3g5d_1n1_gen.sdf,0_0_1,1,True,True,True,True,True,True,True,True,True,True,True
results/bindingmoad_molpilot_v50/bindingmoad_021_3g5d_1n1_gen.sdf,0_0_10,2,True,True,True,True,True,True,True,True,True,True,True
results/bindingmoad_molpilot_v50/bindingmoad_021_3g5d_1n1_gen.sdf,0_0_11,3,True,True,True,True,True,True,True,True,True,True,True
results/bindingmoad_molpilot_v50/bindingmoad_021_3g5d_1n1_gen.sdf,0_0_12,4,True,True,True,True,True,True,True,True,True,True,True
results/bindingmoad_molpilot_v50/bindingmoad_021_3g5d_1n1_gen.sdf,0_0_13,5,True,True,True,True,True,True,True,True,True,True,True
results/bindingmoad_molpilot_v50/bindingmoad_021_3g5d_1n1_gen.sdf,0_0_15,6,True,True,True,True,True,True,True,True,True,True,True
results/bindingmoad_molpilot_v50/bindingmoad_021_3g5d_1n1_gen.sdf,0_0_3,7,True,True,True,True,True,True,True,True,True,True,True
results/bindingmoad_molpilot_v50/bindingmoad_021_3g5d_1n1_gen.sdf,0_0_5,8,True,True,True,True,True,True,True,True,True,True,True
results/bindingmoad_molpilot_v50/bindingmoad_021_3g5d_1n1_gen.sdf,0_0_6,9,True,True,True,True,True,True,True,True,True,True,True
results/bindingmoad_molpilot_v50/bindingmoad_021_3g5d_1n1_gen.sdf,0_0_7,10,True,True,True,True,True,True,True,True,True,True,True
results/bindingmoad_molpilot_v50/bindingmoad_021_3g5d_1n1_gen.sdf,0_0_8,11,True,True,True,True,True,True,True,True,True,True,True
results/bindingmoad_molpilot_v50/bindingmoad_021_3g5d_1n1_gen.sdf,0_0_9,12,True,True,True,True,True,True,True,True,True,True,True
results/bindingmoad_molpilot_v50/bindingmoad_046_5tui_ctc_gen.sdf,0_0_0,0,True,True,True,True,True,True,True,True,True,True,True
results/bindingmoad_molpilot_v50/bindingmoad_046_5tui_ctc_gen.sdf,0_0_1,1,True,True,True,True,True,True,True,True,True,True,True
results/bindingmoad_molpilot_v50/bindingmoad_046_5tui_ctc_gen.sdf,0_0_10,2,True,True,True,True,True,True,True,True,True,True,True
results/bindingmoad_molpilot_v50/bindingmoad_046_5tui_ctc_gen.sdf,0_0_11,3,True,True,True,True,True,True,True,True,True,True,True
results/bindingmoad_molpilot_v50/bindingmoad_046_5tui_ctc_gen.sdf,0_0_13,4,True,True,True,True,True,True,True,True,True,True,True
results/bindingmoad_molpilot_v50/bindingmoad_046_5tui_ctc_gen.sdf,0_0_15,5,True,True,True,True,True,True,True,True,True,True,True
results/bindingmoad_molpilot_v50/bindingmoad_046_5tui_ctc_gen.sdf,0_0_2,6,True,True,True,True,True,True,True,True,True,True,True
results/bindingmoad_molpilot_v50/bindingmoad_046_5tui_ctc_gen.sdf,0_0_3,7,True,True,True,True,True,True,True,True,True,True,True
results/bindingmoad_molpilot_v50/bindingmoad_046_5tui_ctc_gen.sdf,0_0_6,8,True,True,True,True,True,True,True,True,True,True,True
results/bindingmoad_molpilot_v50/bindingmoad_046_5tui_ctc_gen.sdf,0_0_8,9,True,True,True,True,True,True,True,True,True,True,True
results/bindingmoad_molpilot_v50/bindingmoad_046_5tui_ctc_gen.sdf,0_0_9,10,True,True,True,True,True,True,True,True,True,True,True
